PID,Speed,MPE,Correct,RT,Effective_Duration_s
1,15.0,2,1,1.1673,0.6612
1,0.0,4,1,0.817,1.8051
1,5.0,4,1,0.698,1.803
1,0.0,8,1,0.9771,1.8049
1,1.5,4,1,1.1808,1.7943
1,15.0,4,1,1.3146,0.6632
1,15.0,8,1,1.1868,0.6625
1,1.5,4,1,0.6581,1.8013
1,5.0,8,1,0.7127,1.8089
1,1.5,8,1,0.8116,1.8065
1,5.0,4,0,0.7831,1.8048
1,1.5,8,1,0.8982,1.8013
1,15.0,2,0,1.0346,0.6658
1,0.0,8,1,0.8603,1.8056
1,0.0,8,1,0.981,1.7993
1,1.5,8,1,0.9828,1.8019
1,5.0,8,1,0.5793,1.8008
1,15.0,2,1,1.2557,0.663
1,0.0,8,1,0.6675,1.8004
1,1.5,2,1,0.9346,1.8016
1,0.0,2,1,0.6669,1.8123
1,15.0,2,1,1.1555,0.6626
1,0.0,2,1,0.8757,1.801
1,5.0,2,0,0.9384,1.8039
1,15.0,8,1,0.8494,0.6607
1,15.0,8,1,1.1528,0.6619
1,5.0,4,1,0.8773,1.8086
1,5.0,8,1,0.6372,1.8062
1,15.0,4,0,1.2304,0.6672
1,15.0,8,0,0.9521,0.6614
1,5.0,4,0,0.5456,1.8038
1,15.0,8,0,0.147,0.6504
1,0.0,4,1,0.9752,1.8049
1,15.0,4,1,0.9011,0.6629
1,15.0,2,1,0.9843,0.6593
1,1.5,8,1,0.8388,1.8048
1,15.0,8,1,1.3109,0.6612
1,15.0,2,0,1.0371,0.657
1,1.5,2,0,0.9457,1.8048
1,0.0,2,1,0.6125,1.8026
1,5.0,8,1,0.7151,1.801
1,5.0,2,1,0.9751,1.8057
1,1.5,2,0,0.7394,1.8054
1,0.0,8,1,4.154,1.8047
1,1.5,2,0,1.0996,1.807
1,15.0,8,1,1.127,0.6628
1,1.5,8,1,0.7491,1.8004
1,15.0,4,0,1.1664,0.6597
1,5.0,8,1,0.6809,1.8111
1,0.0,4,1,0.7287,1.8025
1,15.0,4,1,1.4853,0.6608
1,1.5,4,1,0.8523,1.8093
1,0.0,8,1,0.6775,1.8064
1,5.0,2,0,0.7745,1.8026
1,0.0,8,1,0.7128,1.8017
1,0.0,2,1,0.9651,1.8023
1,15.0,2,1,0.8245,0.6622
1,1.5,2,0,0.8527,1.8063
1,1.5,4,1,0.7463,1.798
1,5.0,8,1,0.7496,1.8086
1,15.0,2,0,0.6557,0.658
1,0.0,8,1,0.6747,1.8063
1,1.5,2,0,0.7873,1.8006
1,5.0,2,1,0.6824,1.8027
1,15.0,8,1,1.1501,0.6628
1,1.5,8,1,0.8077,1.8103
1,1.5,4,1,0.8498,1.8019
1,1.5,2,1,0.902,1.8084
1,15.0,2,1,0.8161,0.6647
1,15.0,2,1,1.3513,0.6591
1,5.0,4,1,0.9303,1.8042
1,5.0,8,1,0.6258,1.8042
1,0.0,4,1,1.0558,1.8045
1,0.0,8,1,0.7199,1.8048
1,1.5,2,0,0.8814,1.8062
1,5.0,2,1,0.5328,1.805
1,5.0,4,1,0.7899,1.8018
1,15.0,2,1,1.0724,0.6587
1,15.0,4,1,0.7039,0.6621
1,0.0,4,1,0.7085,1.8082
1,5.0,8,1,0.6756,1.8024
1,1.5,4,1,1.0299,1.803
1,5.0,4,0,0.6276,1.8032
1,15.0,8,1,1.5198,0.6676
1,15.0,2,1,0.8451,0.666
1,0.0,4,1,0.6238,1.8073
1,5.0,2,1,0.8672,1.8015
1,5.0,2,1,0.6297,1.802
1,5.0,8,1,0.7757,1.8066
1,1.5,8,1,1.0428,1.8084
1,15.0,2,1,1.3713,0.6659
1,15.0,4,0,1.2222,0.668
1,15.0,2,1,1.1839,0.6624
1,15.0,8,1,1.1184,0.6599
1,1.5,2,1,0.7666,1.8016
1,15.0,2,0,1.1597,0.6578
1,1.5,2,0,1.0445,1.8052
1,15.0,2,1,1.1203,0.66
1,5.0,4,1,0.7811,1.8049
1,0.0,4,1,0.457,1.8065
1,5.0,2,1,0.7778,1.8075
1,0.0,8,1,0.7136,1.8082
1,15.0,4,0,0.9656,0.6689
1,1.5,2,0,0.7611,1.8025
1,5.0,4,1,0.8274,1.8081
1,0.0,2,0,0.8492,1.8065
1,5.0,2,0,4.197,1.8105
1,5.0,4,0,0.063,1.8032
1,1.5,4,1,0.9607,1.8051
1,0.0,2,1,0.6214,1.8013
1,0.0,4,0,0.9252,1.8075
1,15.0,4,1,1.0658,0.651
1,0.0,4,1,0.6372,1.8071
1,15.0,2,1,1.0199,0.6596
1,5.0,4,0,0.9973,1.8093
1,1.5,8,1,1.0219,1.8059
1,1.5,8,1,1.0156,1.806
1,15.0,4,1,1.048,0.6684
1,1.5,2,0,0.6933,1.8012
1,1.5,8,1,4.369,1.8058
1,5.0,4,1,0.8678,1.805
1,5.0,2,0,0.6572,1.8108
1,0.0,2,1,1.0086,1.8006
1,0.0,4,1,0.7447,1.803
1,0.0,4,1,0.8258,1.8052
1,0.0,8,1,1.2195,1.8054
1,1.5,4,1,3.52,1.8043
1,0.0,8,1,0.8111,1.8039
1,5.0,8,1,0.6314,1.8132
1,5.0,4,0,0.7506,1.8041
1,1.5,2,0,0.773,1.7995
1,1.5,2,0,1.0309,1.8072
1,5.0,4,1,0.877,1.7987
1,1.5,4,0,1.2522,1.8011
1,1.5,8,1,0.7996,1.8075
1,15.0,8,1,0.074,0.6593
1,0.0,2,1,0.7712,1.8047
1,0.0,4,1,0.684,1.8004
1,15.0,8,1,1.1009,0.6606
1,0.0,4,1,1.0743,1.805
1,0.0,4,0,0.5622,1.8039
1,0.0,2,1,0.8666,1.8022
1,0.0,2,1,1.029,1.8062
1,15.0,8,1,0.9466,0.6646
1,15.0,8,0,0.892,0.6555
1,5.0,2,1,0.7442,1.805
1,0.0,8,1,0.7428,1.8045
1,15.0,4,1,1.2009,0.659
1,1.5,4,1,0.8645,1.8039
1,0.0,4,1,0.9042,1.8021
1,1.5,8,1,0.8969,1.8044
1,1.5,4,1,1.1765,1.7979
1,1.5,4,1,0.9693,1.8034
1,0.0,8,1,1.0461,1.803
1,5.0,2,1,0.6781,1.8071
1,0.0,4,1,0.7907,1.8031
1,0.0,2,1,0.563,1.8064
1,0.0,2,1,0.9832,1.8015
1,5.0,2,1,0.8665,1.8
1,1.5,8,1,0.5865,1.8093
1,5.0,2,1,0.7607,1.8061
1,0.0,2,1,1.1278,1.8024
1,5.0,4,1,0.7644,1.8055
1,0.0,8,1,0.7651,1.8091
1,15.0,8,1,1.5264,0.6687
1,0.0,2,1,0.8978,1.8087
1,1.5,4,1,0.8198,1.8061
1,0.0,4,1,0.7316,1.8062
1,0.0,4,1,0.8508,1.8033
1,5.0,8,1,0.7201,1.8066
1,5.0,2,0,0.7244,1.7979
1,1.5,8,1,1.0958,1.8041
1,5.0,4,1,0.7124,1.7992
1,1.5,4,1,1.0019,1.8112
1,5.0,4,1,0.7638,1.8087
1,5.0,8,1,0.7461,1.8074
1,15.0,8,0,1.6577,0.6646
1,1.5,2,0,0.9087,1.8006
1,0.0,2,1,0.6382,1.8021
1,5.0,8,1,0.4552,1.8017
1,15.0,4,1,1.2638,0.6637
1,5.0,4,1,0.5444,1.8081
1,15.0,2,1,1.3352,0.6715
1,5.0,8,1,0.8105,1.8016
1,5.0,4,1,0.5587,1.8022
1,0.0,8,1,1.0588,1.801
1,1.5,8,1,0.7762,1.803
1,15.0,4,1,1.3042,0.6628
1,15.0,8,0,1.0962,0.6565
1,1.5,4,1,0.6496,1.8055
1,1.5,4,1,0.705,1.8027
1,0.0,4,1,1.0411,1.8031
1,15.0,4,1,0.98,0.6695
1,15.0,4,1,1.0684,0.6586
1,1.5,4,1,1.1477,1.7994
1,1.5,4,1,0.9196,1.8042
1,0.0,8,1,0.8017,1.8029
1,15.0,4,1,1.0611,0.6658
1,0.0,8,1,0.8191,1.8048
1,1.5,2,1,0.926,1.8052
1,15.0,2,1,1.2281,0.6616
1,1.5,2,1,0.689,1.8039
1,0.0,8,1,0.902,1.8047
1,1.5,2,0,1.0318,1.8033
1,15.0,8,1,1.1934,0.6642
1,1.5,4,1,0.8274,1.8033
1,5.0,2,1,0.6579,1.8037
1,5.0,8,1,0.6715,1.8091
1,15.0,4,1,1.3517,0.6581
1,15.0,8,1,1.1861,0.6752
1,1.5,4,0,0.928,1.8027
1,5.0,2,0,0.6927,1.8018
1,5.0,8,1,0.5771,1.8051
1,1.5,8,1,0.109,1.8073
1,15.0,4,1,1.0669,0.6668
1,15.0,4,1,1.2677,0.664
1,0.0,2,1,0.9921,1.8022
1,0.0,4,1,0.7705,1.8055
1,5.0,2,1,0.7019,1.8042
1,1.5,8,1,0.827,1.8046
1,0.0,8,1,0.9673,1.8079
1,5.0,4,1,0.8563,1.8036
1,0.0,2,1,0.9397,1.8024
1,5.0,2,0,0.6507,1.8055
1,5.0,2,0,0.868,1.8043
1,1.5,2,1,0.7699,1.8044
1,5.0,8,1,0.8558,1.8014
1,5.0,8,1,0.6829,1.8037
1,15.0,8,1,1.1719,0.6656
1,1.5,8,1,0.9486,1.8036
1,1.5,8,1,0.8641,1.8066
1,15.0,4,1,1.3171,0.6653
1,15.0,2,0,1.1368,0.6559
1,5.0,8,1,0.8843,1.8086
1,1.5,8,1,1.1868,1.8072
1,1.5,2,0,0.9773,1.8156
1,0.0,2,1,0.8293,1.8007
1,0.0,2,0,0.8702,1.802
1,0.0,2,1,0.9418,1.8057
1,5.0,8,1,0.4761,1.8019
2,1.5,4,0,0.6803,1.7993
2,15.0,2,0,1.1531,0.6584
2,15.0,2,1,0.8766,0.6609
2,15.0,8,1,1.3927,0.6613
2,1.5,4,1,0.8444,1.7973
2,1.5,4,0,1.107,1.8052
2,0.0,2,0,1.0098,1.8077
2,0.0,4,1,0.8235,1.8016
2,0.0,4,1,0.9727,1.7995
2,1.5,8,1,0.9573,1.8053
2,15.0,4,1,1.4098,0.668
2,15.0,8,1,1.2153,0.6622
2,15.0,2,1,1.3916,0.6604
2,1.5,2,0,1.2113,1.8019
2,1.5,8,1,0.8545,1.8051
2,15.0,2,1,0.9427,0.6686
2,1.5,4,0,0.732,1.8064
2,15.0,8,1,1.2021,0.655
2,0.0,2,1,0.8795,1.8066
2,0.0,4,1,0.9826,1.8011
2,5.0,2,1,0.5661,1.8071
2,5.0,4,1,0.7877,1.804
2,0.0,4,1,0.9108,1.8061
2,5.0,8,1,0.6142,1.804
2,0.0,2,1,0.7475,1.8109
2,5.0,2,0,0.5615,1.8022
2,0.0,8,1,0.9563,1.8074
2,0.0,2,1,0.7726,1.7998
2,1.5,4,1,0.8141,1.8084
2,0.0,4,1,0.7724,1.8047
2,1.5,2,0,1.0343,1.8059
2,15.0,2,0,1.258,0.6556
2,0.0,8,1,0.7898,1.8037
2,0.0,4,1,0.9015,1.8029
2,1.5,2,0,0.7454,1.8039
2,5.0,2,1,1.0428,1.806
2,1.5,2,1,0.8322,1.7967
2,15.0,8,1,0.941,0.6522
2,15.0,4,1,1.2938,0.665
2,0.0,4,1,0.7581,1.8028
2,5.0,2,1,0.7519,1.8002
2,0.0,8,1,0.8457,1.805
2,15.0,8,1,1.3007,0.6639
2,0.0,8,1,1.0466,1.806
2,0.0,4,1,0.8804,1.7995
2,5.0,2,0,0.8191,1.8063
2,15.0,4,0,1.358,0.654
2,15.0,8,0,1.2299,0.6587
2,5.0,2,1,0.8712,1.7973
2,5.0,2,0,0.5528,1.801
2,15.0,2,1,1.643,0.6605
2,5.0,4,1,0.9716,1.8047
2,5.0,2,0,0.8044,1.7989
2,15.0,4,0,1.1914,0.6587
2,5.0,8,1,0.7433,1.801
2,15.0,8,1,1.2118,0.6705
2,0.0,8,1,0.9066,1.8036
2,1.5,2,1,1.0261,1.802
2,1.5,4,1,1.031,1.8003
2,15.0,2,0,1.1073,0.6695
2,0.0,2,1,0.5862,1.8027
2,1.5,2,1,0.7686,1.8041
2,0.0,4,1,0.6041,1.8054
2,0.0,2,1,0.9239,1.7993
2,0.0,2,0,0.9524,1.807
2,1.5,4,0,1.013,1.8041
2,0.0,4,1,0.9386,1.8073
2,5.0,2,1,0.7837,1.8034
2,1.5,2,1,1.0535,1.8007
2,1.5,8,1,0.9415,1.802
2,15.0,2,1,0.9621,0.6613
2,15.0,4,0,1.4944,0.6602
2,15.0,8,1,1.1561,0.6545
2,1.5,2,1,0.7498,1.8032
2,0.0,8,1,0.8919,1.8045
2,1.5,4,1,0.7131,1.8026
2,1.5,4,1,0.9353,1.8029
2,0.0,2,0,0.8179,1.8109
2,0.0,2,0,0.7956,1.799
2,15.0,4,0,1.0289,0.6634
2,15.0,2,0,1.3672,0.6644
2,1.5,8,1,1.0271,1.8077
2,0.0,2,1,0.8925,1.8042
2,15.0,8,1,1.1166,0.6634
2,1.5,8,1,0.8804,1.8009
2,5.0,8,1,0.107,1.8019
2,1.5,4,1,0.138,1.8032
2,0.0,4,1,0.7526,1.8054
2,1.5,4,1,1.2003,1.8072
2,1.5,8,1,0.8611,1.8077
2,15.0,8,1,0.7702,0.6624
2,0.0,4,1,0.7766,1.8071
2,15.0,4,1,0.9993,0.6624
2,1.5,4,1,0.8563,1.8056
2,15.0,2,1,1.2499,0.6734
2,5.0,2,0,0.638,1.8058
2,15.0,2,1,1.3226,0.658
2,0.0,8,1,0.8635,1.8059
2,5.0,2,1,0.6779,1.8089
2,5.0,8,0,0.712,1.8042
2,5.0,8,1,0.6415,1.8079
2,5.0,8,1,0.7381,1.8057
2,0.0,2,0,0.8379,1.8068
2,5.0,4,1,0.6536,1.8089
2,0.0,4,1,0.8543,1.8078
2,5.0,4,1,0.816,1.8011
2,5.0,4,1,0.8879,1.8031
2,5.0,2,1,0.6759,1.8068
2,15.0,4,1,1.1869,0.658
2,5.0,8,1,0.7263,1.8047
2,0.0,2,1,0.8702,1.8083
2,5.0,2,0,0.668,1.7965
2,1.5,2,1,1.0483,1.8059
2,0.0,4,0,1.0631,1.8023
2,5.0,8,1,0.7972,1.8024
2,1.5,4,1,0.918,1.8025
2,15.0,4,1,0.9263,0.6619
2,1.5,2,1,0.7889,1.804
2,1.5,4,0,0.7972,1.8023
2,15.0,4,1,0.9633,0.6678
2,1.5,8,1,0.8714,1.8047
2,0.0,4,1,0.9315,1.8073
2,15.0,8,1,1.1082,0.6577
2,0.0,4,1,1.01,1.8075
2,0.0,8,1,1.1745,1.8048
2,5.0,4,1,0.6179,1.8019
2,5.0,8,1,1.0041,1.8077
2,0.0,8,1,0.8233,1.8009
2,5.0,8,1,0.8255,1.8037
2,1.5,4,0,0.8206,1.8039
2,5.0,4,1,0.6692,1.8048
2,5.0,8,0,0.8057,1.8042
2,15.0,4,1,1.2659,0.6522
2,1.5,8,1,0.8893,1.8039
2,15.0,2,0,1.1521,0.6554
2,0.0,8,1,1.1322,1.8003
2,1.5,2,1,0.9295,1.8061
2,1.5,2,0,0.755,1.8039
2,15.0,8,0,0.8819,0.6666
2,15.0,8,1,1.0255,0.6644
2,15.0,2,0,1.0347,0.649
2,15.0,4,0,1.0186,0.6597
2,5.0,2,0,0.8341,1.8079
2,1.5,2,1,4.125,1.8069
2,15.0,2,1,1.0373,0.6599
2,5.0,4,1,0.5588,1.8053
2,5.0,4,1,0.8261,1.8052
2,15.0,2,1,1.1613,0.6646
2,5.0,4,1,0.765,1.8027
2,0.0,8,1,0.9113,1.8072
2,1.5,8,1,0.9296,1.8053
2,15.0,2,1,1.0273,0.6605
2,0.0,8,1,0.9948,1.8023
2,5.0,8,0,0.8506,1.8028
2,1.5,8,1,0.8954,1.81
2,5.0,8,1,0.8436,1.811
2,5.0,4,0,0.8947,1.8052
2,1.5,8,1,1.0662,1.8009
2,1.5,4,0,0.7993,1.805
2,0.0,2,1,3.137,1.8021
2,1.5,4,0,0.952,1.7993
2,5.0,8,1,0.6432,1.7985
2,1.5,8,1,0.9302,1.8072
2,15.0,8,1,1.1057,0.6606
2,0.0,4,1,0.3279,1.8014
2,1.5,2,1,1.1718,1.8051
2,1.5,8,1,0.9118,1.798
2,5.0,4,1,1.0167,1.8003
2,5.0,4,0,0.8463,1.8023
2,1.5,8,1,0.9209,1.8054
2,1.5,2,1,4.467,1.8094
2,0.0,8,1,0.5447,1.8023
2,5.0,8,1,0.811,1.8105
2,0.0,8,1,0.9185,1.8054
2,5.0,4,0,0.8183,1.8089
2,5.0,4,0,0.6658,1.802
2,1.5,4,1,1.2213,1.8012
2,5.0,4,1,0.8672,1.8073
2,15.0,4,1,1.0998,0.6652
2,15.0,4,0,1.5621,0.6619
2,1.5,8,1,0.7843,1.8049
2,15.0,8,1,1.2577,0.6674
2,0.0,8,1,1.099,1.8039
2,1.5,2,1,0.8446,1.8046
2,0.0,2,1,0.9252,1.8047
2,15.0,8,0,1.4411,0.671
2,15.0,2,0,1.2374,0.668
2,1.5,2,0,0.8669,1.8041
2,1.5,8,1,0.9958,1.8006
2,0.0,2,1,0.7504,1.8045
2,15.0,4,1,0.9774,0.6551
2,5.0,8,1,0.7934,1.8061
2,0.0,8,1,0.7496,1.8002
2,15.0,2,0,0.7895,0.6588
2,0.0,2,1,0.7782,1.8032
2,5.0,8,1,0.8648,1.8008
2,0.0,4,1,0.7466,1.8055
2,5.0,4,0,0.6007,1.8019
2,1.5,8,1,1.1251,1.8066
2,15.0,8,1,1.2659,0.6627
2,0.0,4,1,0.8249,1.8044
2,5.0,4,1,0.897,1.8089
2,0.0,4,1,0.724,1.8045
2,5.0,2,1,0.7382,1.8069
2,15.0,4,1,1.0628,0.6679
2,15.0,8,1,1.2614,0.6609
2,5.0,2,1,0.7186,1.8035
2,1.5,8,1,1.0497,1.7953
2,5.0,2,1,1.0249,1.8005
2,15.0,2,1,1.0757,0.657
2,1.5,8,1,0.9115,1.8002
2,15.0,4,1,1.3099,0.6622
2,0.0,8,1,0.8865,1.8019
2,1.5,2,1,1.2603,1.8039
2,5.0,4,0,0.9177,1.8038
2,1.5,2,1,1.1099,1.8068
2,0.0,2,1,0.7667,1.8025
2,15.0,8,1,1.0213,0.6666
2,15.0,2,1,1.115,0.6582
2,5.0,8,1,0.5633,1.8054
2,5.0,2,0,0.7197,1.8088
2,0.0,2,1,0.8851,1.8008
2,15.0,4,1,0.8273,0.6634
2,15.0,4,0,1.0687,0.6728
2,0.0,2,1,0.8077,1.801
2,0.0,8,1,0.8351,1.8003
2,0.0,8,1,1.0666,1.8055
2,1.5,4,0,0.8942,1.7991
2,1.5,4,0,0.6497,1.8068
2,5.0,8,0,0.6048,1.8061
2,5.0,2,1,0.8164,1.7989
2,0.0,2,1,0.6924,1.8039
2,1.5,8,1,0.7693,1.8052
2,5.0,8,1,0.6043,1.8007
2,1.5,2,1,0.8585,1.8039
2,5.0,4,1,0.6831,1.7999
2,15.0,4,1,1.4122,0.6604
2,15.0,8,1,1.2826,0.6679
2,0.0,8,1,0.696,1.7986
2,5.0,2,1,0.4916,1.8001
3,1.5,4,1,0.9697,1.8106
3,1.5,8,1,0.8226,1.802
3,15.0,2,0,1.4441,0.6636
3,5.0,4,1,0.8348,1.8068
3,1.5,8,1,0.188,1.8005
3,15.0,8,1,1.1282,0.6672
3,15.0,4,1,1.2437,0.659
3,0.0,8,1,1.1064,1.8024
3,0.0,8,1,0.9083,1.8013
3,15.0,8,1,1.4867,0.6594
3,0.0,2,1,0.8912,1.8011
3,0.0,2,1,0.7732,1.8078
3,5.0,8,0,0.7008,1.804
3,5.0,8,1,0.7622,1.8049
3,5.0,8,1,0.728,1.8045
3,15.0,8,1,1.1166,0.6653
3,15.0,8,1,1.3299,0.6657
3,5.0,4,1,0.8076,1.8035
3,1.5,2,1,1.036,1.8034
3,15.0,2,1,0.9087,0.6556
3,1.5,8,0,0.9028,1.806
3,0.0,4,1,0.9085,1.8017
3,0.0,4,1,0.7072,1.8031
3,15.0,2,1,1.5753,0.6642
3,0.0,8,1,0.8107,1.8036
3,5.0,2,0,0.6453,1.8069
3,5.0,8,1,0.7092,1.8016
3,15.0,2,0,1.0579,0.6663
3,1.5,2,1,1.0698,1.8106
3,0.0,4,1,0.9525,1.8022
3,15.0,4,0,1.212,0.649
3,0.0,8,1,0.8046,1.8056
3,1.5,8,1,0.8182,1.8039
3,15.0,8,1,1.0038,0.6632
3,15.0,8,1,1.349,0.6612
3,5.0,8,1,0.6754,1.8052
3,15.0,4,1,1.0,0.6648
3,0.0,8,1,1.1852,1.7996
3,5.0,8,1,0.8257,1.8031
3,1.5,8,1,0.9046,1.8
3,5.0,4,0,0.853,1.8045
3,0.0,4,1,0.7608,1.8034
3,15.0,8,1,1.3989,0.6524
3,0.0,4,0,0.9802,1.8029
3,5.0,2,0,0.8052,1.8024
3,15.0,8,1,0.8738,0.6689
3,5.0,4,0,0.6601,1.805
3,1.5,8,1,0.5064,1.8003
3,1.5,8,1,1.0593,1.8026
3,1.5,4,1,0.9213,1.8041
3,5.0,4,1,0.8386,1.8043
3,1.5,8,1,0.8973,1.8052
3,15.0,2,1,0.9974,0.6627
3,0.0,4,1,0.9605,1.8023
3,0.0,2,0,0.7308,1.807
3,5.0,2,1,0.8646,1.8086
3,0.0,8,1,0.7934,1.8039
3,1.5,4,0,0.6932,1.8038
3,1.5,4,1,0.9066,1.8035
3,5.0,4,1,0.6937,1.8019
3,15.0,8,0,1.2383,0.6577
3,1.5,8,1,0.8215,1.8039
3,5.0,4,0,0.6665,1.8087
3,15.0,2,0,1.1197,0.6641
3,1.5,2,0,1.0557,1.8043
3,15.0,8,0,1.0868,0.6675
3,0.0,2,1,0.7117,1.8024
3,1.5,4,1,0.8482,1.8002
3,5.0,4,0,0.6489,1.8052
3,0.0,4,1,0.8929,1.8027
3,0.0,4,1,0.8874,1.8053
3,5.0,2,0,0.8309,1.8037
3,1.5,2,1,0.8435,1.8057
3,1.5,4,0,1.153,1.805
3,5.0,2,1,0.5559,1.8069
3,5.0,4,1,0.801,1.8107
3,15.0,4,1,1.1742,0.6579
3,5.0,2,0,0.8717,1.8083
3,15.0,2,1,0.9247,0.6597
3,5.0,8,1,0.8121,1.8012
3,15.0,4,0,1.0864,0.6567
3,15.0,4,0,1.2335,0.6643
3,1.5,2,0,1.0739,1.8044
3,1.5,4,0,0.7793,1.7998
3,0.0,2,0,0.7558,1.8014
3,15.0,8,1,0.7851,0.6582
3,1.5,2,1,0.9159,1.8026
3,5.0,8,1,0.7685,1.807
3,5.0,2,1,0.8306,1.8019
3,1.5,2,1,0.8237,1.8037
3,5.0,4,0,0.5245,1.8004
3,0.0,4,1,0.8865,1.8026
3,5.0,4,1,0.7012,1.7999
3,1.5,4,1,0.9627,1.8037
3,5.0,8,1,0.8834,1.8078
3,15.0,8,1,1.2992,0.6539
3,15.0,2,1,1.0556,0.66
3,5.0,2,0,0.7072,1.8045
3,0.0,2,1,0.9189,1.8043
3,1.5,2,1,0.7203,1.8071
3,0.0,8,1,1.059,1.8016
3,0.0,2,1,0.7439,1.8071
3,1.5,4,1,0.9167,1.8012
3,1.5,8,1,0.7959,1.8054
3,5.0,2,0,0.8447,1.8107
3,1.5,4,1,0.9458,1.8006
3,15.0,2,0,1.2212,0.6658
3,5.0,2,1,0.6147,1.8054
3,15.0,4,1,1.187,0.6582
3,1.5,2,1,0.9447,1.8049
3,0.0,8,1,0.8862,1.8006
3,5.0,4,1,0.888,1.8048
3,0.0,2,1,1.1528,1.8002
3,1.5,2,1,0.8904,1.8022
3,15.0,2,0,1.2124,0.6627
3,5.0,8,1,3.379,1.8044
3,1.5,8,1,4.333,1.8048
3,15.0,4,0,1.4134,0.6646
3,0.0,2,1,0.8467,1.7976
3,0.0,4,0,0.6612,1.801
3,0.0,8,1,0.8731,1.8057
3,15.0,8,1,1.6345,0.6663
3,1.5,4,1,0.9646,1.8078
3,0.0,2,0,1.0214,1.8008
3,1.5,4,1,0.8497,1.8042
3,1.5,2,0,0.9516,1.8063
3,5.0,4,1,0.8218,1.8015
3,5.0,8,1,0.7599,1.8014
3,15.0,2,0,1.0089,0.6623
3,1.5,2,1,1.2445,1.8025
3,0.0,2,1,0.6429,1.8041
3,1.5,2,0,0.6488,1.8013
3,0.0,4,1,0.6064,1.8045
3,5.0,2,0,0.5273,1.8092
3,5.0,2,1,0.7084,1.8037
3,5.0,2,0,0.7674,1.8033
3,5.0,4,1,0.658,1.8009
3,15.0,4,1,1.2876,0.6621
3,5.0,2,0,0.7669,1.8036
3,0.0,2,1,0.9935,1.8003
3,0.0,4,1,0.9204,1.801
3,15.0,8,0,4.375,0.6564
3,1.5,2,0,0.9882,1.8073
3,1.5,8,1,1.1497,1.8087
3,0.0,8,1,0.9827,1.8041
3,1.5,4,1,0.901,1.8031
3,1.5,8,1,1.0598,1.8021
3,5.0,4,0,0.9061,1.8034
3,5.0,2,1,0.6547,1.8067
3,15.0,8,1,1.8492,0.6547
3,15.0,4,0,0.142,0.6653
3,1.5,4,0,0.8764,1.7987
3,15.0,2,1,1.3037,0.6692
3,5.0,8,1,0.7068,1.802
3,15.0,4,0,0.174,0.6555
3,1.5,8,1,0.9952,1.8025
3,15.0,8,1,1.1331,0.6586
3,15.0,8,1,1.1626,0.6686
3,0.0,8,1,1.0792,1.8004
3,1.5,2,0,0.8722,1.7992
3,15.0,4,1,1.1883,0.6674
3,0.0,2,0,0.8445,1.8087
3,0.0,8,1,0.5962,1.8051
3,1.5,4,1,0.8524,1.8046
3,0.0,2,1,0.9458,1.8095
3,1.5,2,1,0.8129,1.8066
3,15.0,8,1,0.8663,0.6631
3,1.5,2,0,0.8446,1.8006
3,15.0,4,1,1.1469,0.6536
3,15.0,2,0,1.2757,0.6559
3,0.0,8,1,0.8335,1.803
3,15.0,4,1,1.1966,0.6596
3,5.0,8,1,0.119,1.8067
3,5.0,2,1,0.5191,1.7986
3,5.0,4,1,0.6343,1.8068
3,0.0,2,1,0.7466,1.8042
3,15.0,2,0,1.1803,0.6621
3,5.0,8,1,0.7893,1.8089
3,1.5,4,1,0.8253,1.8077
3,0.0,2,1,0.8819,1.8064
3,1.5,8,0,0.7707,1.8043
3,1.5,4,1,0.9928,1.8071
3,5.0,2,1,0.7491,1.8009
3,1.5,4,1,1.1259,1.8064
3,0.0,4,1,1.0687,1.8025
3,0.0,8,1,1.1879,1.8023
3,1.5,2,1,0.7068,1.7961
3,1.5,8,1,0.8379,1.8072
3,15.0,8,1,0.9892,0.6657
3,15.0,4,0,1.1402,0.6545
3,15.0,4,1,1.2593,0.6688
3,5.0,4,1,0.7728,1.8067
3,1.5,8,0,0.9487,1.8029
3,5.0,8,1,0.6914,1.7989
3,0.0,8,1,0.9292,1.806
3,1.5,2,1,0.5423,1.7997
3,0.0,2,1,0.8774,1.8081
3,0.0,2,1,0.8192,1.8024
3,5.0,2,0,0.7903,1.8036
3,0.0,2,1,1.0311,1.8016
3,5.0,8,1,0.7027,1.8107
3,15.0,2,0,1.2242,0.6678
3,0.0,4,1,0.7766,1.8049
3,15.0,4,0,1.0061,0.6643
3,5.0,8,1,0.8407,1.806
3,0.0,4,1,0.9694,1.8059
3,0.0,8,1,0.8093,1.8016
3,15.0,4,0,1.1257,0.6672
3,15.0,2,0,1.2399,0.663
3,5.0,4,1,0.6291,1.8045
3,0.0,8,1,0.7427,1.8045
3,0.0,4,1,0.7714,1.8002
3,0.0,2,1,0.8092,1.8116
3,0.0,4,1,0.6159,1.7997
3,1.5,8,1,0.7982,1.8042
3,15.0,8,1,1.4234,0.6578
3,5.0,2,1,0.9824,1.8033
3,5.0,2,0,0.9534,1.8045
3,15.0,2,0,1.5265,0.6659
3,15.0,4,1,1.1864,0.6635
3,5.0,8,1,0.6362,1.8037
3,5.0,4,1,0.7722,1.8008
3,1.5,8,1,1.0065,1.8066
3,0.0,4,0,0.8915,1.8062
3,1.5,8,1,0.8939,1.8005
3,15.0,2,0,1.0086,0.6618
3,0.0,4,1,0.6787,1.81
3,0.0,8,1,0.659,1.8057
3,0.0,8,1,0.7967,1.8083
3,1.5,4,0,0.7847,1.8023
3,5.0,4,1,0.7165,1.8071
3,15.0,2,0,1.2377,0.6568
3,5.0,8,1,0.8256,1.8059
3,5.0,8,1,0.6336,1.8038
3,0.0,4,1,0.8923,1.8062
3,1.5,2,0,1.0216,1.8056
3,15.0,4,1,1.3022,0.6664
3,15.0,2,1,1.1543,0.6639
3,0.0,8,1,0.8172,1.7989
3,1.5,4,1,1.1851,1.8034
4,5.0,2,1,0.9301,1.8085
4,0.0,4,1,0.5408,1.8057
4,0.0,8,1,0.7089,1.8067
4,1.5,4,1,0.8694,1.8069
4,0.0,2,1,1.0705,1.8022
4,5.0,4,0,0.8817,1.8041
4,5.0,4,1,0.6446,1.8069
4,15.0,8,0,1.3505,0.6674
4,1.5,4,1,0.8426,1.8113
4,15.0,8,1,1.0418,0.6634
4,1.5,8,1,1.0407,1.8029
4,1.5,4,1,0.8909,1.8089
4,5.0,2,1,0.8809,1.8066
4,1.5,4,1,0.7236,1.8045
4,15.0,2,1,1.2829,0.6625
4,15.0,4,1,1.1951,0.6652
4,5.0,2,0,0.6293,1.8055
4,0.0,8,1,0.7629,1.8049
4,15.0,2,0,1.2158,0.6621
4,1.5,4,1,1.1449,1.8047
4,5.0,2,0,0.5053,1.8008
4,1.5,2,0,0.8899,1.8023
4,1.5,8,1,0.7742,1.8052
4,5.0,2,1,0.6575,1.8028
4,1.5,4,1,0.6769,1.8068
4,0.0,8,1,0.9587,1.8009
4,5.0,2,1,0.7379,1.8039
4,5.0,4,1,0.7552,1.808
4,5.0,8,1,0.8279,1.8054
4,0.0,8,1,1.0577,1.8044
4,15.0,8,1,1.0055,0.6587
4,5.0,8,1,0.8475,1.8059
4,15.0,4,1,1.1879,0.6624
4,5.0,2,1,0.9472,1.8076
4,15.0,4,1,1.0181,0.6593
4,1.5,4,0,0.9428,1.8068
4,15.0,2,1,0.944,0.6618
4,15.0,4,0,1.1752,0.6566
4,1.5,8,1,1.0582,1.8046
4,1.5,8,1,0.8731,1.8002
4,1.5,4,1,0.9745,1.8058
4,5.0,4,1,3.372,1.8081
4,15.0,4,1,1.2034,0.6695
4,5.0,4,1,0.8986,1.8014
4,15.0,4,0,1.3581,0.6556
4,0.0,4,1,0.7788,1.8071
4,1.5,2,0,0.6821,1.7998
4,1.5,4,1,1.0101,1.8036
4,5.0,8,1,0.9723,1.8003
4,1.5,4,0,0.8898,1.8031
4,15.0,8,1,1.2319,0.6628
4,0.0,4,1,1.0539,1.8033
4,15.0,8,1,1.0089,0.6573
4,15.0,4,1,0.06,0.6636
4,5.0,2,1,0.584,1.8059
4,15.0,2,0,0.8295,0.6559
4,15.0,2,1,1.3128,0.6584
4,0.0,2,1,1.0646,1.7999
4,0.0,4,1,1.0732,1.8043
4,5.0,4,1,0.8996,1.8023
4,15.0,2,0,1.5293,0.6631
4,15.0,4,0,1.0854,0.664
4,0.0,4,1,1.0693,1.8045
4,0.0,8,1,0.8834,1.8051
4,15.0,4,0,1.1943,0.6634
4,5.0,2,0,0.5285,1.8004
4,5.0,4,1,3.911,1.807
4,15.0,8,1,1.1806,0.667
4,1.5,8,1,0.9982,1.804
4,15.0,2,0,1.3052,0.6689
4,15.0,8,1,1.0623,0.6593
4,15.0,2,1,0.9675,0.6629
4,1.5,2,1,1.0057,1.8085
4,1.5,8,1,0.098,1.8107
4,0.0,8,1,0.9574,1.8056
4,1.5,2,1,0.7117,1.8051
4,1.5,2,1,0.7654,1.802
4,15.0,2,1,1.0643,0.6579
4,0.0,4,1,0.4954,1.8008
4,0.0,4,1,0.6385,1.8017
4,1.5,8,1,0.5224,1.7999
4,1.5,4,1,0.9793,1.8062
4,5.0,8,1,0.5044,1.8047
4,5.0,4,1,0.724,1.8047
4,5.0,8,1,1.054,1.8032
4,5.0,8,1,0.9543,1.8022
4,5.0,4,0,0.122,1.8057
4,0.0,8,1,0.7509,1.8076
4,1.5,2,1,0.9872,1.8034
4,15.0,4,1,1.0238,0.6598
4,1.5,8,1,0.6996,1.8028
4,5.0,4,1,0.9711,1.8058
4,15.0,2,1,0.061,0.6603
4,15.0,2,0,1.4042,0.6585
4,1.5,8,1,0.6373,1.7994
4,0.0,2,1,0.6823,1.8015
4,1.5,4,1,1.0291,1.8009
4,0.0,8,1,0.8952,1.8037
4,0.0,2,0,1.0689,1.8059
4,0.0,4,1,0.9457,1.8031
4,0.0,2,1,0.9475,1.8011
4,0.0,2,1,0.8501,1.8052
4,0.0,8,1,1.011,1.8072
4,5.0,8,1,3.915,1.8074
4,5.0,8,1,0.9837,1.8082
4,0.0,4,1,1.0892,1.8026
4,5.0,2,1,0.8386,1.8065
4,1.5,8,1,0.929,1.8022
4,15.0,8,1,1.3288,0.6595
4,5.0,4,1,1.0475,1.8108
4,5.0,8,1,0.8409,1.8027
4,15.0,8,1,0.6988,0.6587
4,0.0,8,1,0.8549,1.8073
4,0.0,4,1,0.9968,1.801
4,5.0,4,1,0.7746,1.8032
4,5.0,4,0,0.9158,1.8096
4,1.5,2,1,0.6993,1.8037
4,5.0,8,1,0.8229,1.8051
4,0.0,2,0,0.8418,1.805
4,0.0,4,1,0.8926,1.8047
4,15.0,8,0,1.1023,0.6684
4,5.0,2,1,0.8207,1.8045
4,0.0,8,1,0.7315,1.8039
4,15.0,4,0,0.9018,0.6647
4,1.5,4,1,0.8208,1.8009
4,15.0,2,0,1.1109,0.6694
4,5.0,8,1,0.826,1.8027
4,15.0,2,1,1.0211,0.652
4,15.0,2,0,0.8873,0.6663
4,5.0,8,1,0.553,1.8003
4,5.0,4,0,0.8016,1.8081
4,1.5,2,1,0.7855,1.8047
4,15.0,4,1,1.3015,0.6545
4,5.0,8,1,0.7702,1.8034
4,0.0,8,1,3.434,1.8062
4,5.0,8,1,0.7714,1.8034
4,15.0,2,0,1.1953,0.6633
4,0.0,4,1,0.779,1.8039
4,1.5,8,1,1.1085,1.7995
4,0.0,2,1,0.7781,1.8085
4,0.0,4,1,0.8666,1.8044
4,0.0,4,1,0.7349,1.8084
4,15.0,8,1,0.9168,0.6514
4,5.0,8,1,0.8284,1.8086
4,1.5,2,1,0.9156,1.8023
4,15.0,8,0,1.2009,0.6601
4,15.0,2,0,0.8723,0.6609
4,1.5,8,1,0.8693,1.804
4,5.0,8,1,0.64,1.8045
4,1.5,4,1,0.9534,1.7999
4,1.5,8,1,0.9884,1.8048
4,0.0,4,1,0.9786,1.8014
4,5.0,4,1,0.63,1.8016
4,15.0,2,1,1.3095,0.6571
4,15.0,8,1,1.0226,0.6527
4,0.0,2,1,0.6213,1.8011
4,0.0,4,1,0.7949,1.7985
4,1.5,8,1,0.9257,1.8031
4,5.0,8,1,0.7287,1.7997
4,0.0,2,1,0.8144,1.804
4,0.0,8,1,0.7994,1.8025
4,5.0,4,0,0.4448,1.81
4,0.0,2,1,0.8,1.7985
4,5.0,2,0,0.6896,1.8032
4,1.5,2,0,0.9232,1.8075
4,15.0,4,1,1.2386,0.6627
4,1.5,8,1,0.9303,1.806
4,0.0,2,1,0.8946,1.8048
4,1.5,2,1,1.081,1.8123
4,1.5,2,1,1.1461,1.802
4,0.0,4,1,0.8344,1.8063
4,5.0,4,1,0.7323,1.8024
4,0.0,8,1,0.749,1.808
4,5.0,2,1,0.7138,1.8037
4,5.0,2,0,0.6919,1.8027
4,1.5,2,1,1.1204,1.8029
4,15.0,2,1,1.0243,0.6604
4,15.0,2,0,1.3179,0.6572
4,15.0,4,0,1.453,0.6642
4,15.0,8,0,1.1372,0.6646
4,1.5,8,1,0.8819,1.8074
4,0.0,2,0,1.0257,1.8048
4,5.0,4,1,0.6643,1.8091
4,1.5,4,1,1.0225,1.8034
4,15.0,8,1,1.0496,0.6607
4,0.0,2,0,1.0111,1.807
4,1.5,2,1,0.7153,1.8079
4,0.0,8,1,1.0502,1.8013
4,0.0,8,1,0.7178,1.8032
4,5.0,2,0,0.6497,1.8046
4,15.0,8,1,1.2499,0.6606
4,0.0,2,0,1.0811,1.8061
4,1.5,2,0,1.018,1.7953
4,5.0,2,1,0.9429,1.8029
4,15.0,2,1,1.1795,0.6624
4,5.0,2,1,0.097,1.8043
4,5.0,8,1,3.956,1.8022
4,5.0,4,0,0.4411,1.8032
4,1.5,4,1,1.263,1.8016
4,0.0,2,1,1.0951,1.8063
4,15.0,8,1,1.4476,0.6547
4,0.0,2,1,0.5684,1.8088
4,0.0,8,1,0.9472,1.8107
4,15.0,8,1,1.3564,0.6687
4,1.5,4,1,1.0649,1.8033
4,1.5,2,0,1.1384,1.8048
4,15.0,4,0,1.1077,0.6584
4,5.0,8,1,0.8083,1.8097
4,5.0,2,1,0.6463,1.8089
4,1.5,8,1,1.0776,1.8049
4,1.5,4,1,0.8516,1.8027
4,0.0,8,1,0.8351,1.8028
4,15.0,4,1,1.0787,0.6585
4,1.5,2,1,1.0003,1.8012
4,15.0,4,1,1.1798,0.6658
4,1.5,8,1,0.9267,1.8042
4,5.0,4,1,0.7963,1.799
4,0.0,4,0,0.9784,1.8069
4,0.0,4,1,0.9342,1.8058
4,15.0,4,0,1.2373,0.6577
4,1.5,8,1,0.9254,1.8028
4,0.0,8,1,0.9687,1.8017
4,1.5,2,1,0.9474,1.8049
4,5.0,8,1,0.6296,1.8076
4,5.0,2,1,0.7118,1.8066
4,1.5,4,1,0.9361,1.8057
4,15.0,4,0,1.1054,0.6664
4,0.0,4,1,0.9606,1.8035
4,1.5,2,1,1.0689,1.8063
4,1.5,8,1,1.1413,1.8051
4,0.0,2,1,1.0408,1.8051
4,15.0,8,1,1.6167,0.6718
4,0.0,2,1,0.4767,1.8028
4,1.5,4,1,1.0936,1.8071
4,1.5,2,1,0.8267,1.8019
4,0.0,8,1,0.8566,1.803
4,5.0,2,0,0.7727,1.8014
4,0.0,2,1,0.86,1.8063
4,15.0,8,1,0.8365,0.6599
4,15.0,4,1,1.4681,0.6688
5,5.0,4,1,0.9254,1.7985
5,15.0,4,0,1.6479,0.6727
5,5.0,8,1,0.4605,1.8043
5,15.0,2,1,1.1332,0.6617
5,5.0,8,1,0.8151,1.8066
5,1.5,4,1,0.9059,1.8022
5,15.0,4,0,1.1921,0.6644
5,1.5,8,1,1.0554,1.8086
5,15.0,4,0,0.8973,0.6608
5,0.0,8,1,0.7718,1.804
5,1.5,2,1,0.7248,1.8075
5,15.0,8,1,0.8486,0.662
5,5.0,2,0,0.8175,1.8015
5,5.0,8,1,0.6366,1.8065
5,5.0,8,1,0.8554,1.8046
5,0.0,8,1,0.8751,1.8055
5,5.0,8,1,0.881,1.8077
5,15.0,8,1,0.8642,0.6631
5,0.0,2,1,0.8357,1.8038
5,15.0,2,0,1.1575,0.6595
5,15.0,4,0,1.5022,0.6608
5,0.0,2,0,1.0387,1.8005
5,15.0,8,1,0.6339,0.6646
5,15.0,8,0,0.9645,0.6673
5,15.0,4,1,1.2883,0.666
5,1.5,8,1,0.7405,1.8019
5,5.0,4,1,0.6597,1.8016
5,1.5,2,1,0.8669,1.8032
5,5.0,8,1,0.6316,1.8022
5,5.0,2,1,0.8309,1.7998
5,0.0,4,1,0.7369,1.8071
5,0.0,4,1,0.8014,1.808
5,5.0,4,0,0.7027,1.8035
5,5.0,4,1,0.7718,1.8017
5,5.0,4,1,0.6588,1.8045
5,15.0,8,0,1.2958,0.655
5,5.0,8,1,0.9241,1.8037
5,5.0,4,1,0.6187,1.8063
5,0.0,8,1,0.7963,1.8045
5,0.0,4,1,1.0522,1.8017
5,1.5,4,1,1.0383,1.8069
5,0.0,4,1,0.7547,1.8061
5,0.0,4,1,0.8784,1.801
5,5.0,8,1,0.6057,1.8067
5,0.0,4,1,1.0359,1.8121
5,1.5,2,1,0.9749,1.8057
5,1.5,8,1,0.8182,1.8086
5,0.0,8,1,0.9534,1.8017
5,0.0,8,1,1.104,1.8072
5,15.0,8,1,1.1917,0.6612
5,1.5,4,1,0.7514,1.8026
5,1.5,8,1,0.7353,1.8041
5,1.5,4,1,0.7193,1.8035
5,0.0,4,1,0.8364,1.8069
5,1.5,8,1,0.9884,1.8032
5,1.5,2,1,0.9844,1.8028
5,15.0,8,1,0.9563,0.666
5,1.5,8,1,0.7607,1.8057
5,1.5,4,1,0.9761,1.803
5,0.0,8,1,0.6958,1.8066
5,0.0,8,1,0.8615,1.801
5,5.0,4,1,0.7483,1.8036
5,1.5,2,0,0.7525,1.7991
5,5.0,8,1,0.7048,1.8069
5,15.0,2,0,1.3319,0.6584
5,1.5,2,1,0.9415,1.794
5,15.0,8,1,1.0255,0.6626
5,5.0,8,1,0.5989,1.8033
5,15.0,2,1,0.9702,0.652
5,1.5,8,1,0.907,1.8037
5,5.0,4,1,0.6724,1.801
5,0.0,2,0,0.534,1.8048
5,5.0,8,1,0.6826,1.8058
5,0.0,4,1,0.7051,1.8053
5,0.0,8,1,1.1828,1.7972
5,0.0,4,1,1.0838,1.8007
5,15.0,8,1,1.0367,0.6623
5,15.0,4,1,1.4085,0.6503
5,1.5,2,1,0.865,1.8039
5,0.0,4,1,0.7374,1.8039
5,1.5,8,1,0.9763,1.8089
5,15.0,2,1,1.492,0.6612
5,15.0,4,0,0.9851,0.6665
5,1.5,4,1,0.7492,1.8056
5,5.0,2,0,0.5827,1.8035
5,1.5,8,1,0.8633,1.801
5,1.5,2,1,0.9039,1.7988
5,1.5,4,1,1.0361,1.8109
5,0.0,8,1,0.8108,1.8014
5,15.0,4,0,0.6744,0.6692
5,5.0,8,1,0.7657,1.8046
5,5.0,4,1,0.9244,1.8037
5,0.0,2,0,0.8009,1.8044
5,15.0,2,1,1.3778,0.6626
5,1.5,2,1,0.5349,1.7995
5,15.0,2,1,1.0093,0.663
5,1.5,8,1,0.6984,1.8066
5,15.0,4,0,0.9612,0.6589
5,15.0,8,1,1.0651,0.6609
5,15.0,8,1,1.2941,0.6591
5,1.5,4,1,0.8982,1.8072
5,5.0,4,1,0.7272,1.8042
5,1.5,4,1,1.2384,1.8059
5,1.5,4,1,1.1027,1.8005
5,15.0,2,0,1.2725,0.666
5,15.0,2,0,0.9532,0.667
5,0.0,8,1,0.9545,1.8025
5,0.0,2,1,1.1184,1.8027
5,1.5,8,1,0.9249,1.8023
5,15.0,2,0,0.9549,0.6659
5,0.0,2,1,0.6648,1.8076
5,1.5,4,0,0.787,1.81
5,15.0,8,0,1.2414,0.6686
5,1.5,2,1,0.9793,1.8078
5,1.5,8,1,1.0254,1.8035
5,5.0,2,1,0.8077,1.7994
5,5.0,2,1,0.7294,1.8038
5,0.0,8,1,0.9624,1.8041
5,0.0,4,1,0.6914,1.8011
5,1.5,8,1,0.8195,1.8061
5,5.0,2,0,0.7979,1.8062
5,15.0,4,0,1.0393,0.6586
5,0.0,4,1,0.7489,1.7994
5,5.0,8,1,0.6991,1.8008
5,15.0,8,0,1.1447,0.6576
5,5.0,2,0,0.8638,1.7992
5,15.0,8,1,1.3744,0.6573
5,0.0,2,1,0.7937,1.8043
5,1.5,8,1,0.7666,1.803
5,0.0,4,1,1.0028,1.8054
5,5.0,2,1,0.9028,1.8088
5,1.5,8,1,1.0611,1.8012
5,5.0,2,0,0.7663,1.8076
5,15.0,8,1,1.2631,0.6598
5,15.0,4,0,1.1937,0.6714
5,1.5,2,0,0.8603,1.7999
5,0.0,2,1,0.3718,1.8049
5,1.5,4,1,0.8944,1.8002
5,5.0,4,1,0.7179,1.8054
5,0.0,2,0,0.8179,1.8046
5,0.0,2,0,0.8302,1.8066
5,0.0,4,1,0.907,1.8035
5,15.0,2,1,1.324,0.6676
5,15.0,2,1,0.8822,0.6628
5,5.0,2,0,4.467,1.7994
5,5.0,8,1,1.0678,1.8044
5,5.0,4,1,0.8081,1.8056
5,0.0,2,0,0.9811,1.8079
5,1.5,2,1,0.8555,1.8042
5,5.0,2,1,0.5865,1.81
5,5.0,4,1,0.8147,1.8069
5,1.5,8,1,0.9459,1.8064
5,1.5,8,1,0.9978,1.8044
5,0.0,8,1,0.5936,1.8028
5,15.0,4,1,1.0194,0.6622
5,0.0,2,1,0.8982,1.8062
5,0.0,2,1,0.8009,1.8058
5,15.0,2,0,1.3025,0.6579
5,15.0,8,1,1.2402,0.6655
5,0.0,8,1,0.671,1.8031
5,1.5,8,1,0.8593,1.8022
5,5.0,2,1,0.8507,1.8012
5,5.0,8,1,0.6938,1.8016
5,0.0,2,1,0.9675,1.8059
5,0.0,4,0,0.769,1.8
5,5.0,8,1,0.7081,1.8053
5,15.0,8,1,0.146,0.6572
5,15.0,4,1,1.2132,0.6624
5,5.0,8,1,0.7763,1.8017
5,1.5,4,0,1.3126,1.8021
5,0.0,2,0,0.8138,1.8037
5,15.0,2,0,1.3318,0.6643
5,1.5,4,1,1.0239,1.8052
5,15.0,2,1,1.033,0.667
5,0.0,4,1,0.6845,1.8044
5,0.0,2,1,1.1258,1.8033
5,5.0,2,0,0.5186,1.8072
5,0.0,8,1,1.0064,1.8072
5,0.0,2,1,0.5643,1.8044
5,1.5,4,1,0.7803,1.7961
5,5.0,2,1,0.6264,1.806
5,5.0,2,1,0.6917,1.8025
5,15.0,2,0,1.3549,0.6606
5,1.5,4,1,0.9863,1.8033
5,0.0,4,1,0.7306,1.8034
5,1.5,2,1,0.9647,1.8021
5,1.5,4,1,1.0117,1.8073
5,1.5,2,1,0.8787,1.8082
5,5.0,8,1,0.5491,1.8036
5,0.0,8,1,0.7417,1.8036
5,5.0,4,1,0.9269,1.808
5,5.0,4,0,0.6659,1.8066
5,15.0,4,0,1.2864,0.6677
5,1.5,4,1,0.8732,1.8035
5,5.0,2,1,0.9517,1.8028
5,15.0,4,1,1.1929,0.6627
5,0.0,2,0,0.8716,1.8016
5,15.0,4,0,1.2336,0.6541
5,0.0,8,1,0.878,1.8011
5,5.0,2,0,0.8083,1.8016
5,15.0,8,0,0.7878,0.6644
5,0.0,4,0,0.8677,1.8035
5,1.5,8,1,1.0115,1.8003
5,5.0,4,1,0.8486,1.8041
5,0.0,2,0,0.9217,1.8086
5,15.0,4,0,0.8777,0.6569
5,15.0,4,1,1.3455,0.651
5,1.5,2,1,0.9541,1.7996
5,5.0,8,1,0.7942,1.8063
5,15.0,2,0,1.0588,0.6668
5,1.5,2,0,0.6912,1.801
5,15.0,4,1,1.4268,0.6703
5,0.0,8,1,0.6323,1.802
5,5.0,2,0,0.7482,1.8071
5,0.0,4,1,0.8907,1.8072
5,5.0,8,1,0.8301,1.8054
5,15.0,2,1,0.9912,0.6481
5,15.0,8,1,1.0057,0.6613
5,1.5,4,0,0.8372,1.8093
5,5.0,4,0,0.7029,1.8061
5,0.0,8,1,0.9807,1.8059
5,1.5,2,1,0.9236,1.8077
5,1.5,2,1,0.9546,1.8047
5,1.5,2,1,0.6503,1.8083
5,5.0,4,1,4.424,1.8043
5,15.0,8,1,1.1501,0.6611
5,5.0,2,1,0.8798,1.8028
5,1.5,4,1,0.9085,1.8001
5,5.0,4,1,0.7426,1.8039
5,15.0,2,1,1.0817,0.662
5,15.0,2,0,1.2123,0.6642
5,5.0,4,1,0.684,1.8052
5,15.0,4,0,1.362,0.6638
5,1.5,8,1,0.9308,1.8009
5,0.0,2,0,0.9553,1.7992
5,0.0,4,1,0.5519,1.8032
5,0.0,8,1,1.0091,1.8016
5,5.0,2,0,0.9276,1.8007
5,1.5,2,1,1.0542,1.802
5,0.0,8,1,0.9596,1.8034
6,0.0,8,1,0.604,1.8053
6,15.0,4,1,1.1294,0.6695
6,0.0,8,1,0.8024,1.8057
6,5.0,2,0,0.8489,1.8065
6,0.0,2,1,0.7846,1.8011
6,5.0,8,1,0.8753,1.8013
6,1.5,8,1,0.8295,1.7991
6,15.0,8,1,1.1804,0.6621
6,1.5,8,1,1.0378,1.8036
6,1.5,2,0,1.0065,1.8095
6,5.0,4,1,0.7706,1.8068
6,15.0,8,1,1.2123,0.6576
6,5.0,2,0,0.72,1.8071
6,15.0,8,1,3.068,0.6574
6,15.0,4,1,1.4073,0.6636
6,5.0,4,0,0.6341,1.8032
6,15.0,2,1,0.8579,0.6529
6,1.5,8,1,1.0753,1.8028
6,15.0,4,1,1.3193,0.6602
6,5.0,2,1,0.847,1.8035
6,15.0,8,1,1.1363,0.6603
6,15.0,8,1,1.392,0.6675
6,5.0,8,1,0.7087,1.8014
6,15.0,8,1,1.3212,0.6649
6,0.0,4,0,0.7074,1.8035
6,1.5,4,1,1.0561,1.804
6,5.0,4,1,0.5949,1.8005
6,15.0,2,1,0.8114,0.6655
6,15.0,2,1,1.3256,0.6608
6,5.0,4,1,0.6903,1.8044
6,15.0,4,0,1.009,0.6699
6,1.5,4,1,1.2748,1.8001
6,1.5,8,1,0.9625,1.8033
6,5.0,2,0,0.7945,1.804
6,5.0,8,1,0.754,1.8091
6,15.0,4,1,1.3367,0.6616
6,1.5,2,1,0.8185,1.8017
6,1.5,8,1,0.8245,1.8014
6,5.0,2,0,0.6762,1.8129
6,5.0,8,1,0.8202,1.8017
6,15.0,8,1,1.1345,0.6624
6,0.0,8,1,0.653,1.8074
6,5.0,2,1,0.6237,1.8048
6,5.0,2,1,0.9575,1.8018
6,0.0,2,1,0.8017,1.8026
6,1.5,8,0,0.9694,1.7949
6,1.5,4,1,0.9664,1.8039
6,1.5,2,0,1.0896,1.801
6,15.0,8,0,0.9576,0.6636
6,15.0,8,0,1.1965,0.6781
6,0.0,2,1,0.9099,1.8053
6,1.5,2,0,0.8885,1.8036
6,0.0,4,1,0.8942,1.809
6,15.0,4,1,0.6261,0.6662
6,15.0,8,1,1.2489,0.6622
6,5.0,2,0,0.5664,1.8059
6,5.0,8,1,0.7612,1.8002
6,15.0,4,0,1.1455,0.6615
6,0.0,8,1,0.8301,1.8055
6,15.0,8,1,0.9748,0.661
6,5.0,8,0,0.7387,1.8035
6,0.0,8,1,1.146,1.8067
6,1.5,8,1,0.9907,1.8031
6,1.5,4,1,1.1392,1.8106
6,0.0,2,1,0.979,1.8021
6,5.0,8,1,0.6743,1.8053
6,1.5,4,1,0.6053,1.8094
6,1.5,4,1,1.0901,1.8045
6,0.0,8,1,0.9995,1.8042
6,1.5,2,0,0.9386,1.8011
6,15.0,2,0,1.0133,0.6658
6,5.0,2,1,0.5076,1.8004
6,5.0,8,1,0.6445,1.804
6,15.0,2,0,1.1079,0.6613
6,15.0,4,0,1.1621,0.6623
6,5.0,4,0,0.7425,1.8055
6,5.0,8,1,0.5294,1.8011
6,5.0,2,1,0.7359,1.8076
6,0.0,4,1,0.7929,1.8024
6,1.5,8,1,0.8203,1.8038
6,5.0,8,1,0.7433,1.8065
6,1.5,2,0,0.8537,1.7992
6,1.5,2,0,0.7811,1.8061
6,15.0,2,1,1.3429,0.6638
6,1.5,8,1,0.8996,1.8073
6,0.0,4,1,0.7825,1.8092
6,5.0,4,1,0.8298,1.8017
6,1.5,4,0,0.9529,1.8029
6,5.0,2,1,0.8823,1.8079
6,1.5,8,1,0.8928,1.8027
6,0.0,4,0,0.7205,1.7991
6,5.0,4,0,0.5363,1.805
6,15.0,2,1,1.0035,0.6619
6,15.0,2,0,1.0486,0.6611
6,0.0,8,1,1.0278,1.8015
6,15.0,2,1,1.2309,0.6574
6,1.5,8,1,0.783,1.8066
6,5.0,2,1,0.6048,1.804
6,1.5,4,1,1.0063,1.8035
6,15.0,4,1,1.128,0.6604
6,1.5,4,1,0.9747,1.8019
6,0.0,8,1,1.05,1.8038
6,15.0,4,1,1.3023,0.6607
6,0.0,4,1,0.7176,1.7997
6,0.0,8,1,0.7747,1.7991
6,1.5,2,1,1.0458,1.8079
6,0.0,8,1,0.8471,1.8069
6,5.0,8,1,0.6618,1.8034
6,15.0,8,1,1.2177,0.6596
6,15.0,4,0,1.1781,0.6671
6,15.0,2,0,0.9545,0.6662
6,15.0,2,0,1.2262,0.6568
6,1.5,4,0,0.9448,1.8074
6,0.0,8,1,0.7837,1.7981
6,5.0,2,1,0.7282,1.7988
6,5.0,4,1,0.8807,1.8019
6,15.0,8,1,0.7546,0.6674
6,5.0,8,1,0.8235,1.8027
6,1.5,4,1,1.0624,1.8048
6,5.0,4,1,0.724,1.8048
6,5.0,4,1,0.8276,1.804
6,5.0,4,0,0.6669,1.8046
6,0.0,2,1,0.7264,1.8035
6,0.0,4,1,0.8165,1.7984
6,1.5,2,1,0.9786,1.8077
6,15.0,4,1,1.0463,0.6657
6,1.5,4,1,1.0532,1.8073
6,0.0,2,1,0.9676,1.8072
6,1.5,2,1,0.8202,1.8032
6,0.0,4,1,1.0671,1.808
6,0.0,8,1,0.913,1.8014
6,0.0,4,1,0.8835,1.8072
6,5.0,4,1,0.8287,1.8061
6,15.0,2,0,1.0188,0.6579
6,15.0,8,0,1.0142,0.6543
6,0.0,2,1,0.7208,1.8066
6,5.0,2,1,0.7892,1.8115
6,5.0,8,1,0.5894,1.8029
6,15.0,2,1,1.3138,0.6628
6,1.5,2,0,0.9619,1.8022
6,1.5,8,1,1.3639,1.7996
6,5.0,2,0,0.7912,1.8084
6,1.5,4,0,0.9043,1.8033
6,0.0,2,1,0.9117,1.8058
6,1.5,4,1,0.6709,1.803
6,1.5,4,1,0.7848,1.8056
6,15.0,4,0,1.1338,0.6686
6,1.5,4,0,0.8626,1.8018
6,0.0,4,1,0.8558,1.8083
6,1.5,8,1,1.1659,1.8052
6,1.5,8,1,0.8643,1.8003
6,1.5,2,1,0.8288,1.8026
6,15.0,4,1,1.273,0.6587
6,0.0,2,1,0.8689,1.8075
6,1.5,2,0,0.7338,1.8088
6,0.0,2,1,0.8211,1.8036
6,5.0,8,1,0.7243,1.8026
6,15.0,2,1,0.9445,0.6596
6,15.0,2,0,1.15,0.6703
6,15.0,4,0,1.0216,0.6643
6,0.0,2,0,0.9087,1.8052
6,5.0,4,1,0.747,1.8078
6,0.0,2,1,0.9156,1.7963
6,1.5,4,1,0.7524,1.8026
6,5.0,4,1,0.7301,1.8033
6,15.0,8,0,1.0953,0.6673
6,0.0,4,1,1.1402,1.8008
6,5.0,4,1,0.8105,1.8064
6,0.0,4,1,0.7136,1.8049
6,15.0,8,0,1.405,0.666
6,0.0,4,1,0.9454,1.7991
6,1.5,2,1,0.8464,1.8033
6,0.0,2,1,1.1018,1.8009
6,5.0,4,1,0.8781,1.8057
6,0.0,4,1,0.9466,1.7993
6,15.0,4,0,0.115,0.6531
6,0.0,8,1,0.8677,1.798
6,0.0,8,1,1.0136,1.7996
6,1.5,4,1,1.0401,1.8006
6,0.0,2,1,0.7209,1.8045
6,0.0,2,0,0.8555,1.8047
6,5.0,4,1,0.7884,1.806
6,0.0,8,1,0.9066,1.806
6,0.0,4,1,0.9505,1.8046
6,1.5,2,1,0.9806,1.7993
6,15.0,8,1,1.1744,0.6592
6,15.0,4,1,1.5303,0.66
6,1.5,2,0,0.9046,1.8027
6,0.0,4,1,0.5244,1.8025
6,0.0,2,1,0.9069,1.806
6,15.0,2,1,1.257,0.6634
6,1.5,2,0,1.0082,1.803
6,15.0,4,1,1.066,0.6583
6,5.0,2,0,3.058,1.8019
6,5.0,2,1,0.6529,1.8114
6,5.0,8,0,0.708,1.8013
6,0.0,8,1,0.8004,1.8046
6,1.5,8,0,0.8578,1.8034
6,5.0,8,1,0.9075,1.8013
6,1.5,4,1,0.8473,1.801
6,0.0,4,1,0.9687,1.8052
6,1.5,8,1,1.0074,1.8024
6,15.0,8,0,1.2296,0.6671
6,1.5,8,1,1.0494,1.7995
6,0.0,2,0,0.7018,1.804
6,5.0,8,1,0.6294,1.8059
6,15.0,2,0,1.2728,0.6577
6,5.0,8,1,0.8153,1.801
6,1.5,8,1,0.6294,1.8054
6,1.5,2,1,0.7774,1.8063
6,5.0,4,0,0.731,1.8078
6,15.0,4,0,1.2857,0.6654
6,0.0,8,1,0.8532,1.806
6,5.0,2,1,0.8791,1.8063
6,5.0,2,0,0.8137,1.8008
6,15.0,2,1,1.1194,0.6583
6,5.0,8,1,0.7694,1.8059
6,15.0,2,0,0.8534,0.6626
6,15.0,4,0,1.2689,0.6562
6,1.5,8,1,0.8325,1.8045
6,0.0,4,0,0.8152,1.8
6,15.0,8,1,1.2708,0.6593
6,1.5,4,1,0.6546,1.8007
6,1.5,2,1,1.1938,1.8044
6,0.0,4,1,0.8725,1.7981
6,1.5,8,1,0.9571,1.8023
6,0.0,8,1,0.9787,1.8028
6,5.0,4,1,0.7443,1.803
6,0.0,8,1,1.1304,1.8043
6,5.0,2,0,0.8607,1.8028
6,5.0,4,1,0.6184,1.8073
6,0.0,2,1,0.78,1.8011
6,0.0,2,1,0.6596,1.8035
6,0.0,8,1,0.5884,1.8077
6,0.0,2,1,0.8712,1.8054
6,15.0,8,1,0.99,0.6606
6,1.5,2,0,0.9266,1.7977
6,5.0,8,1,0.4171,1.7985
6,15.0,2,1,0.8823,0.6663
6,0.0,4,1,0.6991,1.7989
7,0.0,2,0,0.8457,1.8042
7,15.0,8,1,0.9655,0.6698
7,0.0,8,1,0.7512,1.8043
7,15.0,4,1,1.5822,0.6616
7,15.0,4,0,1.4546,0.6638
7,5.0,2,0,0.5693,1.8055
7,5.0,8,1,0.8296,1.8053
7,1.5,8,1,0.9454,1.8046
7,5.0,2,1,0.075,1.8023
7,5.0,4,1,0.6286,1.8064
7,5.0,8,1,0.7809,1.8105
7,1.5,8,1,0.6772,1.809
7,0.0,2,1,0.7938,1.8039
7,0.0,4,1,0.6869,1.8023
7,0.0,2,1,1.1193,1.8032
7,0.0,2,1,0.8997,1.8031
7,1.5,8,1,0.9008,1.8072
7,1.5,2,0,0.7032,1.8016
7,0.0,8,1,0.6831,1.8034
7,15.0,8,1,1.5109,0.6624
7,15.0,4,1,1.201,0.6721
7,15.0,4,0,1.3821,0.666
7,15.0,8,1,1.3254,0.6648
7,5.0,2,1,0.8203,1.8022
7,1.5,4,1,0.9672,1.8033
7,1.5,4,1,0.7843,1.801
7,15.0,8,0,0.9307,0.671
7,5.0,2,1,0.6428,1.8015
7,15.0,8,1,1.1076,0.6664
7,5.0,2,1,0.713,1.7995
7,0.0,4,1,0.7221,1.8042
7,0.0,8,1,1.0045,1.8052
7,0.0,2,1,0.7831,1.8044
7,0.0,4,1,0.8708,1.8075
7,5.0,4,1,0.6134,1.8032
7,1.5,8,1,0.8757,1.8023
7,5.0,2,0,0.7915,1.8029
7,5.0,4,1,0.576,1.8031
7,0.0,8,1,0.7433,1.8084
7,0.0,8,1,0.8398,1.801
7,5.0,8,1,0.7682,1.8107
7,15.0,8,0,1.3484,0.6602
7,0.0,8,1,3.592,1.8035
7,15.0,4,1,1.2341,0.6658
7,5.0,8,1,0.7562,1.8077
7,5.0,2,0,0.6814,1.8021
7,15.0,2,1,1.0564,0.6586
7,0.0,2,0,0.7197,1.8011
7,5.0,2,1,0.5724,1.8063
7,15.0,2,1,1.1794,0.6653
7,5.0,8,1,0.8324,1.8082
7,0.0,8,1,0.9271,1.8033
7,0.0,2,1,0.9957,1.798
7,1.5,2,1,1.0049,1.803
7,5.0,2,1,0.9506,1.8027
7,15.0,4,1,1.2775,0.6669
7,1.5,2,1,0.919,1.8032
7,15.0,2,1,1.4425,0.6629
7,0.0,4,1,1.0131,1.8049
7,15.0,2,1,1.4596,0.6574
7,15.0,2,1,1.0835,0.6672
7,0.0,4,1,0.8391,1.8071
7,5.0,2,1,0.7963,1.8
7,0.0,4,1,1.1144,1.8036
7,0.0,2,1,0.7177,1.8033
7,5.0,8,1,4.047,1.8004
7,5.0,8,1,0.789,1.8027
7,1.5,2,1,0.6435,1.8023
7,15.0,8,1,1.5235,0.667
7,1.5,4,1,0.8603,1.7989
7,1.5,4,0,0.8009,1.8027
7,0.0,4,1,0.6905,1.8052
7,1.5,4,0,0.9064,1.8043
7,1.5,8,1,0.7278,1.8063
7,1.5,8,1,0.9994,1.8042
7,5.0,4,1,0.8856,1.8045
7,1.5,2,0,0.8907,1.799
7,1.5,2,0,0.9763,1.8043
7,0.0,8,0,1.112,1.8062
7,0.0,4,1,0.8249,1.7999
7,0.0,2,1,0.9476,1.804
7,5.0,8,1,0.854,1.8096
7,15.0,4,0,0.957,0.6628
7,15.0,8,1,0.9336,0.6701
7,0.0,4,0,1.0297,1.8077
7,1.5,4,0,0.637,1.8025
7,1.5,8,1,1.0892,1.8012
7,0.0,4,1,1.0208,1.8005
7,1.5,2,0,1.1598,1.7976
7,5.0,2,0,0.9431,1.8063
7,5.0,4,0,0.918,1.8051
7,15.0,2,1,1.1813,0.6599
7,5.0,4,1,0.5635,1.8084
7,15.0,2,0,0.8944,0.6633
7,0.0,8,1,1.0544,1.8042
7,5.0,2,0,0.8226,1.8
7,1.5,4,1,0.888,1.8038
7,15.0,8,0,1.4157,0.6568
7,0.0,8,1,0.7783,1.8018
7,1.5,2,0,1.0238,1.806
7,0.0,4,1,0.766,1.8033
7,0.0,4,1,0.6885,1.8071
7,15.0,2,1,0.9537,0.6677
7,0.0,4,1,0.6107,1.7979
7,5.0,4,1,0.6676,1.8005
7,5.0,2,1,0.7586,1.8053
7,15.0,2,0,1.3006,0.6661
7,0.0,8,1,0.7718,1.8079
7,0.0,2,0,0.8237,1.8061
7,0.0,4,1,0.7121,1.8083
7,1.5,2,0,1.1844,1.8036
7,0.0,2,1,0.669,1.8027
7,0.0,8,1,1.1506,1.8058
7,15.0,8,1,1.1065,0.6672
7,15.0,8,0,4.47,0.6594
7,1.5,2,1,1.0057,1.8051
7,0.0,8,1,0.9184,1.8049
7,1.5,2,1,0.8999,1.8024
7,1.5,8,1,0.7457,1.8014
7,1.5,2,0,0.6991,1.8039
7,15.0,4,1,1.0209,0.6522
7,5.0,4,1,0.8189,1.8029
7,0.0,4,1,0.7106,1.8081
7,0.0,8,1,0.7707,1.8058
7,1.5,4,1,0.9966,1.8062
7,5.0,4,0,0.6721,1.8065
7,15.0,4,1,0.9573,0.6617
7,1.5,8,1,0.61,1.8061
7,15.0,4,0,1.1327,0.657
7,1.5,4,1,0.9397,1.8057
7,0.0,2,1,1.1149,1.8027
7,5.0,8,1,0.7431,1.802
7,0.0,4,1,0.682,1.8035
7,5.0,4,1,0.9666,1.8036
7,0.0,8,1,0.8509,1.8004
7,1.5,2,1,1.0546,1.807
7,0.0,8,0,0.9253,1.7996
7,15.0,4,1,0.8189,0.6652
7,0.0,2,1,0.5747,1.8006
7,15.0,4,0,0.9909,0.6726
7,1.5,4,1,1.0182,1.8069
7,5.0,2,0,0.767,1.8102
7,0.0,2,1,0.5164,1.804
7,15.0,8,1,0.9624,0.661
7,1.5,8,1,0.7776,1.8074
7,1.5,4,0,0.6786,1.8102
7,15.0,8,1,0.9702,0.6602
7,1.5,8,1,1.2183,1.8041
7,15.0,4,1,1.3021,0.6663
7,15.0,8,0,1.1359,0.6575
7,5.0,4,1,0.8619,1.8047
7,1.5,2,1,0.8143,1.8024
7,1.5,4,1,0.9692,1.808
7,1.5,8,1,0.9943,1.8029
7,1.5,8,1,1.0364,1.8086
7,5.0,4,1,0.855,1.805
7,1.5,2,1,1.04,1.7987
7,15.0,2,0,1.014,0.6621
7,5.0,8,0,0.6994,1.8023
7,15.0,2,0,0.8942,0.659
7,1.5,2,1,0.7347,1.8057
7,0.0,4,1,0.7405,1.804
7,15.0,2,1,1.3628,0.6605
7,5.0,8,1,0.8666,1.8062
7,15.0,2,1,1.1137,0.6649
7,1.5,4,1,1.2323,1.8064
7,5.0,4,1,0.7816,1.8077
7,1.5,8,1,0.9314,1.8042
7,15.0,8,1,1.1836,0.6503
7,5.0,8,1,0.8873,1.8081
7,5.0,8,1,0.8005,1.8008
7,5.0,8,1,0.7067,1.8007
7,15.0,2,0,1.0363,0.6654
7,1.5,4,0,0.7253,1.8046
7,15.0,2,0,1.1698,0.6704
7,15.0,8,1,1.2229,0.6563
7,5.0,2,0,0.7604,1.8038
7,0.0,4,1,0.8004,1.804
7,5.0,4,1,0.8784,1.8042
7,5.0,8,1,0.8811,1.8016
7,15.0,4,1,1.0221,0.6558
7,1.5,8,1,1.0181,1.8034
7,0.0,2,1,0.7736,1.8031
7,0.0,4,1,0.9582,1.8031
7,5.0,4,1,0.5577,1.8016
7,15.0,8,1,1.0165,0.6658
7,5.0,2,0,0.5849,1.804
7,1.5,2,1,0.7921,1.8084
7,1.5,2,1,1.1319,1.8073
7,15.0,2,1,1.1557,0.6584
7,15.0,4,1,1.1044,0.6683
7,0.0,2,1,0.9977,1.8042
7,0.0,2,1,0.8233,1.801
7,5.0,8,1,0.6912,1.8046
7,1.5,4,1,0.8947,1.8048
7,1.5,8,1,0.7891,1.8001
7,1.5,4,1,0.8562,1.804
7,1.5,4,1,0.8793,1.8042
7,15.0,4,1,1.5531,0.6635
7,0.0,8,1,0.9845,1.8064
7,5.0,2,1,0.7083,1.8104
7,15.0,4,1,1.0492,0.656
7,1.5,2,1,1.0563,1.8015
7,0.0,2,0,0.5898,1.8025
7,15.0,4,1,1.4318,0.6662
7,5.0,4,0,0.5544,1.8021
7,0.0,2,1,0.8303,1.8041
7,0.0,4,1,0.9366,1.8079
7,1.5,4,1,3.307,1.8052
7,1.5,2,1,0.8349,1.8041
7,1.5,4,1,1.0068,1.8091
7,15.0,8,1,0.9209,0.666
7,15.0,2,1,1.2121,0.6584
7,5.0,2,0,0.8965,1.8026
7,15.0,4,1,0.8828,0.6623
7,1.5,8,1,0.9736,1.8026
7,15.0,8,1,1.0865,0.6519
7,5.0,4,1,0.8226,1.8022
7,15.0,8,1,1.1028,0.6637
7,0.0,2,0,0.856,1.8005
7,1.5,8,1,0.966,1.7987
7,5.0,2,1,0.05,1.8028
7,5.0,8,1,0.8299,1.8087
7,5.0,4,1,0.6922,1.7998
7,5.0,8,1,0.868,1.8036
7,15.0,2,1,1.1541,0.6571
7,1.5,8,1,0.6079,1.8101
7,0.0,8,1,0.8956,1.8075
7,5.0,8,1,0.9465,1.7996
7,15.0,4,1,1.1414,0.6627
7,1.5,8,1,0.7075,1.8078
7,0.0,8,1,0.8665,1.8071
7,5.0,8,1,0.6992,1.8018
7,5.0,4,0,0.9055,1.8026
7,5.0,2,1,0.5209,1.8004
7,0.0,8,1,0.7544,1.8019
7,15.0,2,1,1.4935,0.67
7,5.0,4,0,0.7516,1.8029
7,15.0,2,1,1.0508,0.6664
7,1.5,4,1,1.0661,1.8065
8,0.0,8,1,1.0247,1.8046
8,0.0,4,1,0.8953,1.8084
8,5.0,8,1,0.8999,1.8046
8,15.0,8,0,1.2848,0.6592
8,0.0,4,1,0.6858,1.8031
8,1.5,8,1,1.0418,1.8044
8,15.0,8,1,1.3376,0.6572
8,5.0,8,1,0.7504,1.806
8,1.5,8,1,0.8572,1.8008
8,0.0,4,1,0.8614,1.8059
8,5.0,8,1,0.8986,1.8064
8,0.0,4,1,0.7287,1.8097
8,5.0,8,1,0.9172,1.801
8,0.0,4,1,0.7098,1.7984
8,15.0,2,1,1.0048,0.6692
8,1.5,8,1,0.9992,1.8038
8,0.0,8,1,1.1397,1.7989
8,5.0,4,1,0.6751,1.8043
8,1.5,2,1,0.904,1.8038
8,0.0,4,0,0.9271,1.8076
8,15.0,8,1,0.9441,0.6555
8,5.0,4,1,0.7076,1.804
8,1.5,8,1,0.7796,1.7994
8,5.0,2,1,0.8062,1.8046
8,1.5,2,0,0.9161,1.8045
8,15.0,2,0,1.3421,0.6618
8,5.0,8,1,0.5596,1.8101
8,1.5,8,1,1.1211,1.8066
8,1.5,4,1,0.9348,1.8023
8,15.0,4,1,1.2275,0.663
8,15.0,4,0,1.4683,0.6554
8,5.0,8,1,0.6856,1.8037
8,0.0,2,1,0.7955,1.8052
8,0.0,2,1,0.7261,1.8038
8,5.0,8,1,0.5731,1.7955
8,5.0,4,1,0.8876,1.8037
8,15.0,8,1,1.0682,0.6628
8,1.5,4,0,1.2761,1.8037
8,1.5,4,1,0.8218,1.8033
8,1.5,2,0,0.9525,1.803
8,0.0,8,1,0.7268,1.8041
8,5.0,8,1,0.7908,1.8032
8,15.0,2,0,1.0285,0.6619
8,5.0,2,0,0.8084,1.8062
8,5.0,8,1,0.7374,1.8067
8,15.0,2,0,0.9257,0.6622
8,0.0,4,1,0.972,1.8077
8,1.5,4,1,0.9819,1.8021
8,1.5,8,1,1.1124,1.8015
8,0.0,2,1,0.7864,1.7983
8,0.0,8,1,0.8186,1.7982
8,5.0,2,1,0.7526,1.8009
8,5.0,4,1,0.8322,1.8044
8,0.0,4,1,0.9805,1.801
8,0.0,2,1,0.7995,1.8053
8,0.0,4,1,0.8583,1.8056
8,5.0,8,1,0.5842,1.8017
8,1.5,8,1,0.9903,1.8025
8,15.0,4,0,1.3852,0.6617
8,0.0,8,1,1.0215,1.8057
8,15.0,8,1,0.8384,0.6691
8,15.0,2,0,1.6866,0.6586
8,0.0,4,1,0.8544,1.8005
8,5.0,4,1,0.7365,1.8054
8,5.0,8,0,0.5665,1.8041
8,0.0,8,1,0.6808,1.8012
8,0.0,4,1,0.7366,1.8066
8,15.0,2,0,1.0797,0.6611
8,5.0,2,0,0.6164,1.8088
8,15.0,4,1,1.0469,0.6666
8,1.5,2,0,0.7631,1.804
8,0.0,4,1,0.7956,1.8055
8,0.0,2,1,3.542,1.8058
8,5.0,2,1,0.6043,1.8063
8,5.0,2,0,0.6912,1.8022
8,1.5,2,1,0.9507,1.8059
8,15.0,2,1,1.3292,0.6644
8,15.0,8,1,0.993,0.656
8,5.0,4,0,0.7525,1.8051
8,15.0,2,1,1.3674,0.6586
8,0.0,2,1,0.9241,1.8041
8,0.0,2,1,0.8204,1.8064
8,15.0,2,0,0.8532,0.6531
8,5.0,8,1,0.7201,1.8041
8,1.5,4,0,0.8629,1.8014
8,15.0,4,1,1.2049,0.6575
8,15.0,8,1,1.1066,0.6533
8,5.0,4,1,0.8022,1.807
8,0.0,4,1,1.073,1.8007
8,5.0,4,0,1.075,1.8064
8,15.0,2,0,0.9893,0.6678
8,1.5,8,1,0.8852,1.8096
8,5.0,2,0,0.6404,1.8049
8,15.0,8,1,0.9551,0.6612
8,1.5,8,1,0.8211,1.8063
8,0.0,8,1,1.0104,1.8037
8,5.0,8,1,0.9111,1.8062
8,1.5,4,1,0.9568,1.805
8,0.0,8,1,0.7515,1.8027
8,1.5,4,1,0.7842,1.8043
8,15.0,8,1,1.478,0.6605
8,15.0,4,1,1.1248,0.6579
8,15.0,8,1,1.0845,0.6676
8,5.0,4,1,0.735,1.8022
8,5.0,8,1,0.7688,1.801
8,0.0,8,1,1.1587,1.8032
8,5.0,2,1,0.8116,1.8021
8,5.0,8,1,0.5929,1.8094
8,0.0,8,1,0.6589,1.8059
8,15.0,4,0,0.9605,0.6617
8,15.0,4,1,1.3723,0.6671
8,15.0,8,1,1.2001,0.6654
8,15.0,2,1,1.4557,0.6594
8,1.5,4,1,0.7265,1.8052
8,15.0,2,1,1.0934,0.6556
8,5.0,2,1,0.8135,1.8062
8,0.0,4,1,0.7096,1.8048
8,15.0,4,1,1.3176,0.6651
8,1.5,8,1,0.6889,1.8027
8,0.0,2,1,0.8124,1.8067
8,5.0,8,0,0.6748,1.8094
8,5.0,2,1,0.9558,1.8052
8,5.0,2,1,0.809,1.8074
8,15.0,2,0,1.4956,0.6571
8,1.5,8,1,1.0147,1.8014
8,15.0,8,1,1.0038,0.6664
8,0.0,8,1,0.7159,1.8073
8,0.0,8,1,0.6721,1.8052
8,15.0,2,1,1.3292,0.659
8,5.0,2,1,0.7881,1.8072
8,1.5,8,1,0.9654,1.8057
8,1.5,2,1,0.7583,1.8052
8,15.0,8,0,1.1083,0.6576
8,5.0,4,1,0.7696,1.8011
8,5.0,4,1,0.9154,1.8035
8,15.0,2,0,0.8562,0.6603
8,15.0,4,1,1.3033,0.6626
8,15.0,4,1,1.0541,0.6576
8,5.0,4,1,0.053,1.8052
8,5.0,2,0,0.6036,1.804
8,1.5,4,1,0.8045,1.7977
8,0.0,2,1,0.8986,1.8033
8,0.0,2,0,0.9694,1.803
8,5.0,2,1,0.8662,1.8076
8,15.0,8,1,0.8272,0.658
8,15.0,4,0,1.2873,0.6644
8,1.5,4,0,0.6777,1.8042
8,1.5,2,1,0.7482,1.8103
8,5.0,2,0,0.6784,1.8014
8,5.0,2,1,0.8341,1.8045
8,0.0,4,1,1.0142,1.8093
8,5.0,8,1,0.8182,1.8034
8,1.5,8,1,1.2458,1.8034
8,0.0,4,1,0.8939,1.8012
8,5.0,2,1,0.6291,1.8042
8,1.5,4,1,0.8508,1.8023
8,1.5,8,1,1.0982,1.8007
8,5.0,4,1,0.8181,1.8088
8,0.0,2,1,1.0939,1.807
8,1.5,8,1,0.9757,1.8023
8,5.0,4,0,0.6785,1.8038
8,0.0,8,1,0.8832,1.8006
8,5.0,4,1,0.6548,1.8053
8,5.0,4,0,0.7368,1.8021
8,1.5,2,1,0.9194,1.8067
8,5.0,8,1,0.5939,1.801
8,0.0,2,1,0.7678,1.8075
8,15.0,2,1,0.8944,0.6657
8,0.0,4,1,0.8612,1.8071
8,1.5,8,1,0.9167,1.8044
8,15.0,8,1,1.3563,0.6568
8,5.0,8,1,0.5517,1.8026
8,0.0,2,1,0.7471,1.8025
8,0.0,2,1,0.7309,1.8088
8,0.0,8,1,0.9176,1.7996
8,1.5,4,0,1.042,1.7991
8,15.0,8,1,1.2049,0.6598
8,0.0,8,1,1.2432,1.8024
8,1.5,8,1,0.8155,1.8039
8,5.0,2,0,0.7341,1.8067
8,5.0,4,1,0.7624,1.8054
8,15.0,4,1,1.4419,0.6664
8,1.5,2,1,0.9519,1.8072
8,1.5,4,0,1.0907,1.8011
8,5.0,4,1,0.6683,1.7984
8,1.5,2,1,0.9083,1.803
8,15.0,2,1,1.7098,0.6647
8,1.5,2,1,0.8583,1.8001
8,15.0,4,0,1.3947,0.6527
8,15.0,8,1,1.0185,0.6622
8,15.0,4,1,0.6308,0.6612
8,0.0,8,1,0.8393,1.8081
8,0.0,2,1,0.93,1.7989
8,1.5,4,1,1.0048,1.8067
8,15.0,8,1,0.9293,0.6595
8,5.0,4,1,0.908,1.8033
8,0.0,2,1,0.9238,1.8086
8,1.5,8,1,0.8053,1.8048
8,1.5,2,0,0.8671,1.8041
8,5.0,4,1,0.7711,1.8071
8,1.5,2,1,0.986,1.8054
8,1.5,2,0,0.9644,1.8064
8,1.5,2,0,0.9509,1.805
8,1.5,2,1,0.8847,1.8069
8,1.5,4,1,0.9673,1.7993
8,1.5,8,1,0.8208,1.8043
8,1.5,4,1,0.9344,1.8075
8,0.0,8,1,0.9708,1.8039
8,0.0,8,1,0.693,1.8074
8,15.0,4,0,1.4714,0.661
8,15.0,4,1,1.0444,0.6718
8,15.0,4,1,1.3251,0.6668
8,0.0,4,1,0.875,1.8014
8,1.5,8,1,0.9632,1.8078
8,0.0,2,0,0.81,1.8086
8,15.0,2,0,1.3078,0.654
8,0.0,2,1,0.7085,1.8
8,15.0,4,1,1.2841,0.6643
8,15.0,2,0,0.8253,0.6585
8,1.5,4,1,4.427,1.8052
8,0.0,8,1,1.0059,1.8066
8,0.0,2,0,0.9739,1.8039
8,0.0,2,0,0.5042,1.8059
8,1.5,2,1,0.7542,1.8065
8,5.0,2,0,0.8638,1.8024
8,15.0,8,1,1.3213,0.66
8,15.0,2,1,0.774,0.6692
8,15.0,4,1,1.1252,0.6608
8,0.0,8,1,0.7703,1.807
8,15.0,8,1,0.7516,0.6556
8,1.5,2,1,1.1584,1.8046
8,5.0,2,1,0.812,1.8017
8,1.5,2,0,0.9109,1.8077
8,0.0,4,1,0.6566,1.8079
8,5.0,8,1,0.724,1.8061
8,0.0,4,1,0.6518,1.8027
8,1.5,2,0,0.7524,1.8002
8,1.5,4,1,0.9003,1.8065
8,1.5,4,1,0.8772,1.8064
8,1.5,4,1,1.0026,1.8055
9,0.0,4,1,0.8338,1.8073
9,1.5,8,1,0.6568,1.8019
9,0.0,2,1,0.919,1.8033
9,5.0,8,1,0.8881,1.8027
9,5.0,2,0,0.7445,1.8024
9,1.5,4,1,0.9427,1.8015
9,5.0,2,1,0.6421,1.8014
9,0.0,4,1,0.8079,1.7998
9,1.5,4,0,0.7458,1.8036
9,5.0,8,0,0.7407,1.8026
9,5.0,4,1,0.7724,1.8039
9,0.0,4,1,3.257,1.8003
9,1.5,2,1,0.838,1.8041
9,1.5,4,1,0.9549,1.8072
9,1.5,8,1,0.6053,1.7996
9,1.5,8,1,0.7635,1.8061
9,5.0,2,1,0.6594,1.8091
9,15.0,4,1,0.8455,0.6525
9,5.0,4,1,0.674,1.8037
9,1.5,2,1,1.0027,1.8072
9,15.0,4,0,1.3231,0.672
9,15.0,4,1,0.7339,0.6664
9,1.5,4,0,0.8397,1.8071
9,0.0,4,1,0.9255,1.8039
9,1.5,2,1,1.0162,1.8045
9,5.0,8,1,0.7089,1.8047
9,1.5,4,1,0.9888,1.805
9,5.0,2,0,0.8025,1.8016
9,0.0,8,1,0.8488,1.8016
9,0.0,4,1,0.574,1.808
9,1.5,2,1,0.8527,1.8048
9,1.5,4,1,0.6761,1.806
9,1.5,2,0,4.306,1.802
9,0.0,8,1,0.9531,1.8003
9,1.5,8,1,0.9446,1.809
9,5.0,8,0,0.721,1.8029
9,0.0,4,1,0.6428,1.8047
9,5.0,8,1,0.7438,1.8044
9,1.5,2,1,1.0787,1.8036
9,0.0,8,1,1.1215,1.8048
9,15.0,8,1,1.007,0.6585
9,5.0,4,1,0.953,1.8086
9,1.5,4,1,0.5261,1.7999
9,0.0,4,1,0.8095,1.7994
9,1.5,8,1,0.7744,1.7977
9,0.0,4,1,0.6847,1.804
9,0.0,8,1,0.8441,1.8007
9,5.0,2,1,0.6001,1.8098
9,15.0,8,1,1.106,0.6614
9,1.5,2,1,0.7096,1.8086
9,5.0,2,1,0.9368,1.8
9,1.5,2,0,0.8391,1.7992
9,0.0,2,1,0.8438,1.8055
9,0.0,4,1,0.8037,1.8086
9,15.0,2,0,1.3727,0.6667
9,15.0,4,0,1.1187,0.6544
9,1.5,4,1,0.8878,1.8071
9,1.5,2,0,0.7323,1.8075
9,0.0,4,1,0.8881,1.7986
9,0.0,8,1,1.1795,1.804
9,1.5,4,1,0.6659,1.8009
9,15.0,2,1,0.152,0.6531
9,15.0,4,1,1.2298,0.6598
9,15.0,4,1,1.4009,0.6607
9,15.0,2,0,1.0238,0.6605
9,15.0,4,0,1.4959,0.6584
9,0.0,2,1,0.8113,1.8041
9,5.0,8,1,0.5395,1.8061
9,0.0,2,1,0.7444,1.8042
9,5.0,8,0,0.9071,1.8052
9,1.5,2,0,1.025,1.8021
9,0.0,2,1,0.7963,1.8007
9,5.0,2,1,0.8458,1.8021
9,0.0,2,1,0.8787,1.8069
9,0.0,8,1,0.4486,1.8067
9,15.0,2,0,1.0386,0.6622
9,5.0,2,1,0.8504,1.8113
9,5.0,8,1,0.5958,1.7986
9,0.0,2,1,1.0439,1.8044
9,5.0,2,0,0.6783,1.804
9,0.0,8,1,0.8438,1.7993
9,15.0,2,0,1.2915,0.6659
9,0.0,4,1,1.0327,1.8054
9,0.0,4,1,1.1715,1.8026
9,15.0,2,0,1.4418,0.6687
9,5.0,4,0,0.8007,1.8026
9,15.0,8,1,1.2119,0.6644
9,1.5,4,0,1.0109,1.8128
9,0.0,2,0,0.5889,1.803
9,0.0,2,1,1.0637,1.8009
9,15.0,4,1,1.1445,0.6669
9,0.0,8,1,0.8287,1.8051
9,0.0,2,1,0.8517,1.8057
9,15.0,4,1,1.2847,0.6606
9,5.0,2,1,0.6148,1.8035
9,0.0,2,1,0.7329,1.8038
9,5.0,4,1,0.8019,1.8018
9,5.0,4,1,0.607,1.804
9,5.0,8,1,0.6668,1.808
9,0.0,4,1,0.4016,1.8007
9,0.0,4,1,0.829,1.8044
9,5.0,2,1,0.6088,1.7988
9,0.0,2,0,0.8813,1.8003
9,1.5,4,0,0.9237,1.804
9,0.0,8,1,0.6797,1.8028
9,15.0,2,1,1.0946,0.6586
9,1.5,2,1,0.7125,1.8046
9,1.5,8,1,1.0803,1.804
9,1.5,4,1,0.9362,1.8083
9,15.0,4,1,1.2832,0.67
9,15.0,2,1,1.0941,0.662
9,15.0,4,0,0.9935,0.661
9,15.0,2,1,1.1455,0.6617
9,5.0,4,1,0.7419,1.8008
9,0.0,4,1,0.9102,1.7996
9,15.0,8,1,1.0904,0.6537
9,0.0,2,1,0.7762,1.8048
9,1.5,2,1,0.053,1.8032
9,0.0,2,1,0.973,1.8024
9,15.0,2,0,1.2376,0.6636
9,1.5,2,1,0.6367,1.8019
9,0.0,4,1,0.9062,1.8028
9,0.0,4,1,0.718,1.8048
9,0.0,8,1,0.6066,1.8051
9,1.5,4,1,0.9292,1.8058
9,15.0,8,1,0.9819,0.6654
9,5.0,8,1,0.6788,1.8055
9,5.0,2,0,0.7149,1.8069
9,5.0,4,1,0.6983,1.8064
9,1.5,2,1,0.9781,1.8008
9,5.0,4,1,0.626,1.8032
9,5.0,4,1,0.6676,1.8075
9,0.0,2,1,0.4488,1.7993
9,15.0,2,0,1.0105,0.6632
9,5.0,8,1,0.7522,1.812
9,1.5,2,1,0.916,1.8037
9,5.0,8,0,0.7617,1.8043
9,5.0,2,1,0.9691,1.8052
9,1.5,8,1,0.7355,1.8065
9,15.0,4,0,1.2371,0.6643
9,5.0,2,1,1.0453,1.8006
9,1.5,8,1,0.9435,1.7975
9,15.0,8,1,1.285,0.6534
9,15.0,8,1,0.6912,0.6635
9,15.0,2,0,1.2083,0.6622
9,1.5,8,1,0.8677,1.807
9,15.0,4,0,1.1557,0.6648
9,15.0,4,1,1.257,0.6605
9,15.0,8,1,0.8176,0.6651
9,0.0,4,1,0.821,1.8084
9,0.0,4,1,0.8828,1.8079
9,5.0,8,1,0.9551,1.8001
9,1.5,4,1,0.8737,1.8032
9,5.0,8,1,0.88,1.8021
9,0.0,8,1,1.0683,1.8047
9,15.0,2,1,1.2502,0.6571
9,15.0,8,1,1.1351,0.6611
9,1.5,2,0,0.9216,1.8037
9,0.0,2,0,0.8602,1.8019
9,5.0,4,1,0.7831,1.8101
9,15.0,8,1,1.2873,0.6657
9,1.5,4,1,0.9765,1.8049
9,15.0,2,1,1.2321,0.6551
9,15.0,4,0,1.1613,0.6623
9,0.0,2,1,1.1051,1.803
9,5.0,8,1,0.8343,1.8009
9,5.0,4,1,0.7338,1.7989
9,15.0,4,1,1.3228,0.6506
9,1.5,8,1,0.7577,1.8013
9,15.0,2,0,0.9186,0.6636
9,15.0,8,1,1.0444,0.6688
9,1.5,8,1,0.6714,1.8061
9,0.0,8,1,0.7991,1.8028
9,5.0,2,0,0.7808,1.798
9,5.0,4,1,0.745,1.7996
9,0.0,8,1,0.8782,1.8068
9,1.5,2,0,0.9347,1.8037
9,1.5,4,1,1.1676,1.8026
9,0.0,8,1,3.053,1.8042
9,5.0,4,1,0.6194,1.8117
9,15.0,8,1,0.8196,0.6608
9,1.5,8,1,1.0752,1.8051
9,5.0,8,1,0.7464,1.8008
9,1.5,8,1,1.1476,1.8021
9,0.0,2,1,0.8388,1.8067
9,1.5,4,1,1.038,1.7993
9,5.0,8,1,0.7529,1.8018
9,0.0,8,1,0.7983,1.805
9,15.0,2,0,1.1072,0.6683
9,15.0,8,0,1.4173,0.6624
9,1.5,2,0,1.0404,1.8063
9,15.0,2,1,1.1388,0.6633
9,1.5,2,1,0.792,1.8012
9,1.5,8,1,1.0465,1.8006
9,5.0,4,1,0.6007,1.8053
9,15.0,4,1,0.7291,0.6557
9,0.0,2,1,0.9495,1.8054
9,15.0,8,1,1.4184,0.6523
9,15.0,4,1,1.1734,0.6542
9,0.0,8,1,0.9133,1.8053
9,5.0,8,1,0.5574,1.801
9,1.5,4,1,0.8872,1.8102
9,1.5,4,1,0.8366,1.8011
9,5.0,4,1,0.7009,1.8047
9,1.5,2,1,0.664,1.8042
9,1.5,8,1,1.3469,1.8037
9,5.0,8,1,0.5939,1.8079
9,15.0,2,0,1.0836,0.6636
9,5.0,4,1,0.718,1.8011
9,5.0,4,1,0.6468,1.8013
9,15.0,8,1,0.8984,0.6664
9,0.0,8,1,0.7613,1.8011
9,15.0,8,1,1.1158,0.6682
9,1.5,8,1,0.6864,1.8026
9,15.0,4,1,1.4184,0.6657
9,1.5,8,1,0.87,1.8082
9,1.5,8,1,0.875,1.8004
9,15.0,8,0,0.763,0.6613
9,5.0,2,0,0.5913,1.802
9,0.0,8,1,0.7356,1.8032
9,15.0,8,1,1.3693,0.6519
9,5.0,4,1,0.7006,1.8056
9,5.0,2,1,0.6977,1.8049
9,5.0,2,1,0.6822,1.8003
9,5.0,4,1,3.555,1.8036
9,0.0,4,1,0.9087,1.8057
9,15.0,8,1,1.0292,0.6565
9,15.0,2,1,1.1179,0.6646
9,0.0,2,1,0.9489,1.8072
9,1.5,8,1,0.8296,1.8028
9,15.0,4,1,1.3039,0.6668
9,5.0,2,1,0.8102,1.8062
9,5.0,2,1,0.7537,1.8045
9,0.0,8,1,1.1198,1.8059
9,0.0,8,1,0.9401,1.8073
9,15.0,2,1,1.143,0.6577
9,15.0,8,1,1.4128,0.6573
9,1.5,8,1,0.5889,1.7987
9,5.0,8,1,0.7648,1.8023
9,1.5,4,1,0.9777,1.8037
10,0.0,8,1,1.2688,1.8106
10,1.5,2,1,1.1589,1.8044
10,1.5,4,0,0.6712,1.8079
10,0.0,4,1,0.791,1.7983
10,0.0,4,1,0.9072,1.8081
10,1.5,8,1,0.6819,1.8039
10,5.0,2,0,0.712,1.8025
10,1.5,8,1,1.0784,1.806
10,1.5,2,1,0.9308,1.8017
10,15.0,2,0,1.1265,0.6576
10,1.5,2,1,0.8493,1.8021
10,5.0,2,1,0.8152,1.8034
10,15.0,2,0,1.723,0.6575
10,15.0,4,1,1.1358,0.6683
10,0.0,2,1,0.7872,1.8071
10,5.0,4,1,0.7698,1.804
10,0.0,2,1,0.8918,1.8012
10,1.5,4,1,0.933,1.807
10,1.5,8,1,0.7373,1.8029
10,0.0,8,1,0.7774,1.8052
10,1.5,2,0,0.904,1.8067
10,0.0,4,1,0.8959,1.8033
10,1.5,2,1,0.951,1.8031
10,0.0,2,1,1.0706,1.7999
10,1.5,2,1,1.1878,1.8029
10,0.0,8,1,0.7456,1.8093
10,15.0,4,0,1.0964,0.6525
10,5.0,4,1,0.6712,1.807
10,1.5,4,1,1.1205,1.8021
10,5.0,8,1,0.7651,1.7975
10,1.5,8,1,0.9458,1.8018
10,0.0,2,1,0.8555,1.8059
10,5.0,8,1,0.788,1.8024
10,0.0,4,1,1.1092,1.8026
10,0.0,8,1,0.9112,1.8008
10,5.0,2,1,0.6578,1.8027
10,0.0,4,1,0.9359,1.8052
10,0.0,4,1,0.7127,1.8044
10,1.5,4,1,0.7046,1.8018
10,5.0,8,1,0.6513,1.8089
10,15.0,8,1,0.9612,0.666
10,5.0,4,1,0.7265,1.8056
10,5.0,2,0,0.8295,1.8023
10,1.5,2,1,0.755,1.8075
10,1.5,2,0,0.8368,1.7944
10,0.0,2,1,0.836,1.8026
10,5.0,4,1,0.6643,1.8075
10,0.0,2,1,1.0655,1.8039
10,5.0,2,0,3.837,1.8015
10,1.5,4,1,1.1876,1.8075
10,15.0,8,1,0.9247,0.6577
10,5.0,2,1,0.8345,1.8014
10,15.0,2,0,1.4686,0.6693
10,5.0,2,0,0.9506,1.802
10,0.0,8,1,1.0032,1.8071
10,0.0,4,1,0.9343,1.8003
10,1.5,4,1,0.907,1.805
10,0.0,8,1,0.6912,1.8029
10,15.0,2,1,0.8138,0.6595
10,5.0,4,1,0.5644,1.808
10,15.0,4,0,1.263,0.6622
10,5.0,4,1,0.7947,1.8045
10,0.0,2,1,0.8441,1.8073
10,15.0,4,1,1.3035,0.6557
10,5.0,8,1,0.6684,1.8083
10,0.0,8,1,0.5927,1.8072
10,1.5,4,0,0.6621,1.8024
10,0.0,8,1,0.7081,1.8021
10,0.0,2,1,0.7384,1.802
10,1.5,4,1,0.7657,1.8029
10,15.0,8,0,1.2518,0.6678
10,5.0,2,1,0.745,1.8
10,0.0,4,1,0.8817,1.8099
10,5.0,2,0,0.6083,1.8086
10,15.0,2,0,1.0948,0.6602
10,5.0,4,1,1.0752,1.8056
10,15.0,8,1,1.166,0.6636
10,15.0,8,1,1.162,0.6636
10,1.5,8,1,0.8084,1.8055
10,15.0,8,1,1.451,0.6659
10,0.0,8,1,0.8646,1.8032
10,0.0,2,1,0.8477,1.7998
10,1.5,8,1,0.8934,1.803
10,5.0,4,0,0.6234,1.8094
10,1.5,4,1,1.1024,1.8098
10,0.0,4,1,1.0308,1.8044
10,15.0,4,1,1.0792,0.6635
10,15.0,8,1,1.0959,0.6551
10,0.0,4,1,0.9394,1.8068
10,1.5,4,1,0.8534,1.8039
10,1.5,2,1,1.2167,1.8014
10,15.0,2,1,1.1675,0.6532
10,5.0,4,1,0.7086,1.804
10,15.0,2,1,1.5608,0.6627
10,5.0,2,1,0.884,1.804
10,15.0,2,1,1.3068,0.6639
10,5.0,4,0,0.7899,1.8
10,0.0,8,1,1.0044,1.8014
10,5.0,8,1,0.5431,1.8011
10,15.0,4,1,1.1022,0.6549
10,5.0,8,1,0.6743,1.8079
10,15.0,2,1,1.0127,0.6594
10,1.5,2,0,0.5432,1.806
10,0.0,2,1,0.7366,1.8103
10,5.0,8,1,1.0628,1.8072
10,15.0,4,0,1.4078,0.6646
10,1.5,2,0,0.846,1.8059
10,1.5,8,0,0.773,1.8058
10,1.5,8,1,0.8519,1.8011
10,5.0,4,0,0.8193,1.8003
10,5.0,8,1,0.5794,1.8118
10,5.0,4,1,0.9134,1.8029
10,5.0,2,0,0.6533,1.8094
10,0.0,8,1,0.7724,1.8046
10,0.0,4,1,1.0487,1.8011
10,0.0,2,0,0.8952,1.8032
10,15.0,2,0,1.2457,0.6548
10,15.0,2,0,1.1113,0.6657
10,1.5,8,1,0.9971,1.8043
10,5.0,8,1,0.727,1.8
10,5.0,2,1,0.7509,1.8047
10,0.0,8,1,0.9549,1.806
10,1.5,4,1,0.834,1.8001
10,5.0,8,1,0.8345,1.8042
10,1.5,8,1,0.7795,1.8018
10,5.0,4,1,0.7225,1.8044
10,1.5,8,1,0.9244,1.8085
10,15.0,4,1,1.0402,0.6611
10,1.5,2,0,1.0933,1.8007
10,1.5,8,1,0.9353,1.7929
10,15.0,8,0,1.2881,0.6495
10,1.5,8,0,4.348,1.8064
10,1.5,4,1,1.0309,1.8018
10,5.0,4,1,0.7015,1.804
10,0.0,4,1,0.8026,1.8049
10,0.0,8,1,0.7133,1.8013
10,0.0,8,1,0.6165,1.8003
10,15.0,8,1,0.994,0.6657
10,15.0,4,1,1.0529,0.657
10,5.0,8,0,0.7856,1.8071
10,5.0,2,1,0.6609,1.7995
10,0.0,2,1,0.779,1.8093
10,1.5,8,1,0.6641,1.8008
10,15.0,4,1,1.4102,0.6649
10,1.5,8,1,0.8035,1.8013
10,5.0,8,1,0.6548,1.8046
10,1.5,8,1,0.7441,1.8065
10,1.5,2,1,0.8723,1.806
10,5.0,2,1,0.9353,1.8083
10,5.0,8,1,0.7116,1.8024
10,1.5,4,1,0.8212,1.8069
10,15.0,4,1,0.8007,0.6636
10,0.0,2,1,0.689,1.8071
10,15.0,8,1,1.413,0.6676
10,15.0,8,1,1.0454,0.6583
10,5.0,2,1,0.4937,1.8047
10,1.5,2,0,0.8799,1.7999
10,5.0,8,1,0.8356,1.8039
10,15.0,8,1,1.4491,0.6606
10,5.0,2,0,0.5306,1.804
10,0.0,4,1,0.7823,1.8009
10,0.0,8,1,0.3953,1.8006
10,1.5,4,1,0.8395,1.8101
10,5.0,2,0,0.9483,1.8059
10,5.0,8,1,0.7762,1.8043
10,1.5,4,1,1.1226,1.8039
10,5.0,4,1,0.6413,1.8016
10,0.0,4,1,0.9769,1.803
10,5.0,8,1,4.299,1.8073
10,1.5,8,1,1.0653,1.8055
10,5.0,4,1,0.9391,1.8039
10,15.0,4,1,0.089,0.6635
10,1.5,2,1,0.7411,1.8025
10,15.0,2,1,1.2942,0.6636
10,0.0,4,1,0.6538,1.803
10,0.0,8,1,0.8941,1.8045
10,0.0,2,1,0.8323,1.8061
10,15.0,8,1,0.152,0.662
10,15.0,8,0,1.4028,0.657
10,15.0,8,1,1.0696,0.6567
10,0.0,8,1,0.8545,1.8026
10,0.0,4,1,1.0675,1.8002
10,1.5,8,1,1.0609,1.8014
10,15.0,8,1,1.1418,0.6728
10,5.0,8,1,0.6498,1.8015
10,15.0,8,1,1.069,0.6677
10,15.0,8,1,1.1354,0.6714
10,0.0,2,1,0.7804,1.8041
10,1.5,4,1,0.8977,1.8036
10,5.0,4,1,0.6142,1.8067
10,5.0,8,1,0.7145,1.8043
10,15.0,2,0,1.3453,0.6667
10,5.0,2,1,0.7493,1.8056
10,15.0,2,0,1.0342,0.6575
10,1.5,2,1,0.924,1.8003
10,0.0,2,1,0.7728,1.8036
10,15.0,4,1,1.057,0.6554
10,5.0,4,1,0.827,1.8097
10,15.0,4,1,1.2873,0.6637
10,0.0,8,1,0.5942,1.8063
10,1.5,4,1,0.7661,1.8043
10,1.5,4,0,0.8224,1.8064
10,5.0,4,0,0.6743,1.8058
10,15.0,2,0,0.9468,0.6602
10,0.0,2,1,0.8155,1.8044
10,0.0,8,1,0.9361,1.8064
10,1.5,4,1,0.5463,1.8023
10,1.5,8,1,0.7709,1.8013
10,5.0,8,1,0.8033,1.805
10,15.0,4,1,0.8531,0.6553
10,15.0,2,0,1.0199,0.6604
10,15.0,4,1,1.0468,0.6676
10,1.5,2,0,0.9034,1.7972
10,1.5,2,1,1.0422,1.8031
10,0.0,4,1,0.736,1.806
10,15.0,8,1,0.8612,0.6642
10,15.0,4,1,1.2759,0.6523
10,15.0,2,0,0.9499,0.6577
10,15.0,2,1,1.3425,0.6678
10,5.0,2,1,0.9057,1.801
10,0.0,2,1,1.0365,1.8027
10,5.0,2,1,0.6229,1.7978
10,1.5,8,1,0.8738,1.802
10,0.0,8,1,1.0459,1.8063
10,15.0,4,1,0.7316,0.6606
10,15.0,8,1,1.1671,0.6534
10,15.0,4,0,1.1819,0.6553
10,1.5,4,1,0.7163,1.8042
10,0.0,2,1,1.0109,1.8066
10,0.0,4,1,0.6583,1.8031
10,15.0,4,1,1.2689,0.6611
10,5.0,8,1,0.9586,1.8031
10,0.0,4,1,0.7881,1.8022
10,5.0,4,1,0.8376,1.8082
10,15.0,2,0,0.95,0.673
10,15.0,2,1,1.322,0.6661
10,0.0,2,1,1.1909,1.8047
10,0.0,4,1,1.3415,1.8056
10,1.5,2,1,0.8857,1.8092
10,1.5,2,1,0.9326,1.8026
11,5.0,2,0,0.674,1.7987
11,1.5,2,0,0.7918,1.8044
11,0.0,8,1,0.837,1.8001
11,1.5,2,0,0.7762,1.8025
11,15.0,8,1,1.3052,0.6646
11,1.5,2,1,1.1165,1.7984
11,5.0,8,1,0.9603,1.8074
11,1.5,2,1,0.9099,1.809
11,0.0,2,1,0.6277,1.8073
11,0.0,4,1,0.6883,1.805
11,15.0,2,0,1.2743,0.661
11,1.5,8,1,1.2078,1.7989
11,15.0,2,1,1.0934,0.6673
11,5.0,8,1,0.7987,1.8014
11,0.0,4,1,0.6518,1.8048
11,0.0,8,1,0.7917,1.8043
11,15.0,8,1,0.936,0.6543
11,15.0,4,1,1.1034,0.6617
11,15.0,4,0,1.2827,0.6576
11,15.0,4,1,1.1813,0.6618
11,5.0,8,1,0.6585,1.8081
11,15.0,4,0,0.7049,0.6646
11,15.0,2,0,1.1365,0.668
11,15.0,2,1,1.1994,0.6564
11,1.5,8,1,0.8133,1.8049
11,1.5,8,1,0.8041,1.8021
11,0.0,4,0,0.779,1.8019
11,5.0,8,1,0.5433,1.8047
11,5.0,4,1,0.8076,1.8081
11,5.0,8,1,0.73,1.8114
11,0.0,4,0,0.6508,1.8039
11,0.0,8,1,0.9381,1.8024
11,15.0,4,1,1.1793,0.6668
11,1.5,2,1,1.15,1.8049
11,0.0,8,1,0.5187,1.801
11,0.0,2,1,0.8741,1.8054
11,0.0,2,1,0.6762,1.8074
11,1.5,2,1,0.9223,1.8035
11,5.0,4,0,0.8266,1.8091
11,15.0,4,1,1.1705,0.6604
11,5.0,2,1,0.9407,1.8001
11,0.0,8,1,0.9603,1.7947
11,1.5,8,1,1.0168,1.8006
11,0.0,4,1,0.6064,1.8078
11,5.0,2,0,1.0012,1.8053
11,15.0,8,0,1.2859,0.6584
11,1.5,2,1,0.8038,1.8032
11,0.0,2,1,0.6277,1.8013
11,1.5,4,0,0.6579,1.806
11,5.0,2,1,0.9052,1.8038
11,0.0,4,1,0.7794,1.8074
11,0.0,8,1,0.7458,1.8034
11,15.0,4,1,1.1933,0.67
11,5.0,4,1,0.7192,1.8025
11,15.0,8,1,0.9997,0.6696
11,15.0,4,1,1.2648,0.6707
11,5.0,4,1,0.8977,1.8056
11,15.0,2,1,1.0699,0.6628
11,0.0,4,1,0.9336,1.8059
11,1.5,2,0,1.1961,1.8051
11,0.0,4,1,3.754,1.8106
11,1.5,2,1,0.613,1.8059
11,15.0,2,0,1.2913,0.6616
11,1.5,4,1,0.9556,1.7998
11,5.0,4,1,0.7866,1.8064
11,15.0,8,0,0.8024,0.6725
11,5.0,8,1,0.9401,1.8056
11,5.0,2,1,0.7133,1.8063
11,0.0,2,0,0.708,1.8048
11,1.5,8,1,1.0511,1.8041
11,0.0,4,1,0.7475,1.8062
11,5.0,2,0,0.6834,1.8061
11,5.0,8,1,0.7262,1.8078
11,15.0,8,1,0.9924,0.6653
11,1.5,4,1,1.0156,1.8016
11,15.0,4,0,1.0325,0.6627
11,0.0,2,1,0.8462,1.8015
11,1.5,8,1,0.8834,1.8061
11,1.5,4,0,0.6943,1.8087
11,5.0,8,1,0.6941,1.8071
11,15.0,8,1,1.1371,0.6597
11,15.0,8,1,1.1827,0.6693
11,1.5,8,1,0.9282,1.8014
11,0.0,4,1,0.6981,1.8066
11,0.0,8,1,1.0805,1.8046
11,5.0,4,1,0.8968,1.8019
11,0.0,4,1,0.774,1.8047
11,1.5,2,1,0.8284,1.8064
11,1.5,4,0,0.6738,1.8043
11,15.0,2,0,1.6112,0.655
11,0.0,8,1,1.0203,1.7994
11,15.0,8,1,1.2098,0.6652
11,15.0,4,1,1.119,0.6542
11,5.0,2,1,0.6318,1.8017
11,15.0,8,1,1.4192,0.658
11,15.0,4,0,0.9738,0.6652
11,0.0,4,1,0.7902,1.8027
11,1.5,4,1,0.9527,1.8043
11,5.0,8,1,0.8168,1.8012
11,5.0,4,1,0.712,1.8014
11,15.0,4,1,0.7301,0.6641
11,1.5,2,0,0.9827,1.8037
11,0.0,4,1,0.7789,1.8067
11,15.0,4,1,1.0595,0.6639
11,1.5,8,1,1.2179,1.8
11,1.5,2,1,0.8357,1.8064
11,0.0,8,1,0.6916,1.8075
11,1.5,8,1,0.7283,1.8026
11,1.5,2,1,1.0296,1.8063
11,0.0,8,1,0.8096,1.8041
11,5.0,2,0,0.7043,1.7992
11,1.5,8,1,1.2062,1.8054
11,0.0,4,1,0.7288,1.8033
11,0.0,8,1,0.9682,1.8017
11,0.0,4,1,0.6022,1.8069
11,1.5,2,1,1.0182,1.8054
11,5.0,2,1,0.8777,1.8019
11,1.5,4,0,0.9031,1.8034
11,1.5,4,1,0.9474,1.8002
11,0.0,4,1,0.8394,1.8043
11,0.0,2,1,1.1249,1.8062
11,5.0,8,1,0.7249,1.805
11,1.5,2,1,0.8867,1.8106
11,1.5,2,0,3.777,1.8022
11,5.0,4,1,0.874,1.8024
11,1.5,4,1,0.8481,1.8055
11,5.0,4,1,0.8132,1.804
11,5.0,8,1,3.615,1.8032
11,15.0,2,0,1.2347,0.654
11,5.0,2,0,0.7753,1.803
11,1.5,8,1,0.9665,1.8045
11,15.0,4,0,1.4332,0.6614
11,15.0,8,1,1.4003,0.6689
11,5.0,2,1,0.8291,1.804
11,5.0,8,1,0.7151,1.8036
11,15.0,4,0,3.734,0.663
11,15.0,2,0,1.3787,0.6629
11,0.0,4,1,1.1647,1.8058
11,15.0,4,1,1.214,0.6626
11,15.0,4,1,1.1903,0.6624
11,0.0,2,0,0.8302,1.8066
11,15.0,8,1,1.3783,0.6567
11,15.0,2,0,1.306,0.6561
11,15.0,2,0,0.8844,0.6606
11,0.0,8,1,0.768,1.8074
11,5.0,4,1,0.6679,1.804
11,0.0,2,1,0.826,1.8042
11,5.0,2,0,0.699,1.8045
11,5.0,4,0,0.6355,1.8059
11,0.0,2,1,0.6946,1.8057
11,1.5,8,1,0.9322,1.8035
11,1.5,8,1,0.8694,1.7985
11,5.0,4,0,0.7968,1.8018
11,5.0,8,1,0.7369,1.8061
11,0.0,2,1,0.7863,1.8017
11,5.0,2,1,0.8654,1.8012
11,0.0,8,1,0.7378,1.8017
11,0.0,2,0,0.6993,1.8045
11,5.0,8,1,1.0506,1.8037
11,5.0,2,1,0.5638,1.807
11,1.5,4,1,0.8691,1.8065
11,1.5,4,1,0.7626,1.8063
11,0.0,4,1,0.6555,1.8039
11,1.5,2,1,0.7553,1.8038
11,1.5,4,1,1.28,1.8029
11,15.0,2,0,0.9275,0.6562
11,0.0,2,1,0.9122,1.7982
11,0.0,4,1,1.181,1.8042
11,5.0,8,1,0.7997,1.7997
11,5.0,4,1,0.7387,1.8075
11,1.5,4,1,1.1631,1.8053
11,0.0,2,1,0.8921,1.8064
11,0.0,4,1,0.3638,1.8049
11,0.0,2,1,0.673,1.8027
11,15.0,8,1,1.0771,0.6721
11,5.0,2,1,3.859,1.8074
11,15.0,2,1,0.7926,0.6765
11,5.0,8,1,0.8017,1.8078
11,5.0,2,0,0.8954,1.8037
11,15.0,8,1,0.9092,0.6631
11,1.5,8,1,0.9431,1.8068
11,5.0,2,0,0.7287,1.807
11,0.0,8,1,0.9689,1.8045
11,15.0,4,1,1.3142,0.6634
11,0.0,8,1,0.6606,1.8014
11,5.0,4,0,0.097,1.8046
11,15.0,8,0,1.2738,0.6601
11,1.5,8,1,0.84,1.7985
11,5.0,2,0,1.0419,1.7999
11,5.0,4,1,0.7598,1.8075
11,0.0,2,1,0.8229,1.8048
11,1.5,4,1,1.0634,1.8028
11,15.0,2,0,0.904,0.6593
11,5.0,4,0,0.7502,1.802
11,5.0,4,1,0.6931,1.805
11,1.5,2,1,0.9225,1.8061
11,5.0,2,1,0.9345,1.8026
11,5.0,4,1,0.8712,1.8027
11,1.5,8,1,0.6367,1.8054
11,0.0,2,0,0.9019,1.8025
11,1.5,4,0,0.946,1.7996
11,0.0,8,1,0.8578,1.8072
11,0.0,2,1,0.7031,1.7991
11,1.5,2,0,0.876,1.8033
11,15.0,2,0,1.1598,0.661
11,1.5,4,1,1.02,1.8066
11,1.5,2,0,0.6088,1.7995
11,15.0,8,0,0.9526,0.6561
11,15.0,2,0,1.2519,0.6589
11,15.0,8,1,1.4757,0.6629
11,1.5,8,1,3.136,1.8062
11,0.0,8,1,0.8844,1.8052
11,1.5,4,1,0.8976,1.8082
11,15.0,2,0,1.0613,0.6558
11,5.0,4,1,0.6906,1.801
11,1.5,4,1,0.9317,1.8023
11,1.5,8,1,0.9351,1.8075
11,5.0,8,1,0.7622,1.8019
11,15.0,4,0,1.1228,0.6664
11,1.5,4,1,0.9189,1.8089
11,15.0,2,0,1.344,0.6632
11,15.0,8,1,1.1626,0.6606
11,1.5,8,1,1.0246,1.8013
11,0.0,2,1,0.7684,1.7986
11,1.5,4,1,0.8111,1.8034
11,5.0,8,1,0.7156,1.8047
11,5.0,8,0,0.7516,1.7972
11,15.0,2,1,0.9536,0.6586
11,0.0,8,1,0.8484,1.7991
11,5.0,4,0,0.6661,1.8028
11,15.0,8,1,1.3814,0.6611
11,5.0,2,0,0.8202,1.8071
11,15.0,2,1,1.3792,0.6684
11,15.0,4,1,1.3311,0.6563
11,15.0,8,1,1.1301,0.6606
11,0.0,8,1,0.8536,1.8028
11,0.0,2,1,0.8467,1.812
11,1.5,8,1,0.8964,1.8055
11,0.0,8,1,0.79,1.8054
11,5.0,8,1,0.5605,1.8028
12,1.5,4,1,0.9404,1.8028
12,0.0,2,1,0.7496,1.8049
12,15.0,8,1,1.0115,0.656
12,15.0,2,0,1.3505,0.6599
12,0.0,2,1,0.7544,1.8037
12,1.5,2,1,0.9494,1.7958
12,15.0,8,0,1.1397,0.658
12,5.0,4,1,0.9524,1.8019
12,15.0,4,1,1.1001,0.6599
12,5.0,4,1,0.6792,1.805
12,5.0,8,1,0.8351,1.8033
12,15.0,8,1,1.1132,0.6584
12,1.5,4,1,3.8,1.8025
12,1.5,8,1,0.7746,1.8007
12,15.0,2,0,0.8682,0.6634
12,15.0,8,1,0.8279,0.6658
12,1.5,8,1,0.7482,1.8005
12,15.0,8,1,1.0351,0.6603
12,5.0,8,1,0.8695,1.8092
12,15.0,4,1,1.2384,0.6639
12,5.0,4,1,0.702,1.8045
12,1.5,4,0,0.802,1.8035
12,1.5,4,0,0.7614,1.8059
12,1.5,2,1,0.8998,1.8035
12,5.0,2,1,0.8282,1.8046
12,0.0,4,1,1.0407,1.8043
12,15.0,4,1,1.1588,0.6629
12,1.5,4,1,0.8576,1.8033
12,15.0,8,1,1.5986,0.6565
12,15.0,8,1,1.2315,0.6649
12,1.5,4,1,0.9978,1.8076
12,15.0,2,0,1.3006,0.6603
12,15.0,2,0,1.2574,0.6558
12,5.0,4,0,0.7537,1.8035
12,1.5,2,1,0.7764,1.8068
12,0.0,8,1,0.9503,1.8013
12,5.0,8,1,0.7028,1.8039
12,15.0,8,0,1.2843,0.6657
12,1.5,8,0,1.0588,1.8049
12,0.0,4,1,0.9013,1.8001
12,15.0,2,1,1.3056,0.6583
12,5.0,2,1,0.8389,1.8017
12,1.5,8,1,0.779,1.809
12,5.0,4,0,0.7957,1.8086
12,15.0,8,1,0.923,0.6618
12,5.0,4,1,0.7732,1.8014
12,5.0,4,0,0.7112,1.808
12,1.5,8,1,0.6348,1.8041
12,5.0,4,1,0.4906,1.8054
12,0.0,8,1,0.8556,1.8009
12,1.5,8,0,0.7957,1.8038
12,0.0,2,0,0.6182,1.8044
12,0.0,8,1,0.5453,1.8002
12,15.0,4,1,1.079,0.663
12,5.0,4,0,0.6814,1.8069
12,0.0,4,1,0.5659,1.8146
12,5.0,8,1,0.693,1.8031
12,0.0,2,0,0.9702,1.8007
12,0.0,4,1,0.6947,1.8066
12,0.0,4,1,0.6244,1.8047
12,1.5,8,1,0.9131,1.801
12,5.0,4,1,0.8847,1.8053
12,0.0,8,1,1.0318,1.8072
12,1.5,8,1,0.7531,1.804
12,5.0,2,0,0.9737,1.8072
12,1.5,4,1,0.952,1.8084
12,15.0,4,0,0.945,0.6638
12,1.5,8,1,0.8155,1.8051
12,15.0,8,1,1.244,0.6625
12,1.5,8,1,0.9575,1.801
12,15.0,8,1,1.3066,0.6592
12,1.5,4,0,0.8901,1.8045
12,5.0,8,1,0.7014,1.8025
12,5.0,4,1,0.7463,1.8075
12,0.0,4,1,0.642,1.8037
12,15.0,4,1,1.2644,0.6544
12,5.0,2,0,0.6648,1.8018
12,5.0,2,1,0.6804,1.8027
12,1.5,2,1,1.025,1.8058
12,5.0,2,1,0.7611,1.7993
12,0.0,4,1,0.5883,1.8019
12,5.0,4,1,0.7026,1.8049
12,0.0,4,1,1.0417,1.8038
12,0.0,2,1,0.822,1.8086
12,0.0,2,0,0.8777,1.8017
12,15.0,4,0,1.0306,0.6588
12,5.0,8,1,0.6969,1.8032
12,1.5,2,0,1.1097,1.8076
12,15.0,2,1,0.9556,0.6624
12,0.0,4,1,0.7082,1.8032
12,15.0,4,0,1.3429,0.658
12,15.0,4,1,0.9974,0.6682
12,5.0,4,0,0.8231,1.803
12,5.0,2,0,0.8789,1.8016
12,15.0,2,0,1.1393,0.6641
12,1.5,4,0,0.9195,1.7996
12,15.0,2,1,1.2325,0.6699
12,0.0,2,1,0.8844,1.8028
12,1.5,4,0,0.8313,1.8032
12,0.0,4,1,1.0518,1.8021
12,1.5,4,1,1.1415,1.8062
12,5.0,8,1,0.8037,1.8059
12,15.0,4,0,1.1584,0.6712
12,15.0,8,1,1.0748,0.6592
12,5.0,4,1,0.7555,1.8035
12,0.0,8,1,0.8912,1.8008
12,0.0,2,1,0.8652,1.8054
12,15.0,2,1,0.101,0.6598
12,5.0,2,1,0.7989,1.8
12,15.0,8,1,0.8767,0.655
12,1.5,2,1,0.8545,1.81
12,15.0,2,1,1.1253,0.6657
12,0.0,8,1,0.7979,1.8057
12,1.5,4,0,0.8178,1.8068
12,5.0,4,0,0.7855,1.8046
12,5.0,8,1,0.9932,1.8032
12,15.0,2,0,0.098,0.6633
12,0.0,2,1,0.8423,1.8062
12,15.0,4,1,1.2954,0.66
12,0.0,8,1,0.936,1.8012
12,0.0,8,1,0.8943,1.8062
12,15.0,2,1,1.2043,0.67
12,5.0,4,0,0.7539,1.8041
12,1.5,8,1,0.7909,1.8035
12,0.0,8,1,0.6656,1.8072
12,1.5,4,1,0.6236,1.8056
12,15.0,4,0,1.0705,0.6561
12,0.0,8,1,0.5974,1.8061
12,15.0,8,0,1.2612,0.6609
12,0.0,4,1,0.8267,1.8005
12,1.5,8,1,1.0766,1.8001
12,15.0,4,1,1.3537,0.6619
12,1.5,2,0,1.0831,1.81
12,0.0,8,1,0.7385,1.8086
12,5.0,8,1,0.7462,1.8001
12,15.0,2,1,1.1549,0.6522
12,15.0,8,1,1.3943,0.6585
12,0.0,2,1,0.805,1.8032
12,15.0,2,1,0.8329,0.6652
12,5.0,8,1,0.9127,1.8013
12,15.0,4,1,1.3881,0.6663
12,1.5,8,1,0.7742,1.8004
12,0.0,4,1,0.5949,1.8018
12,1.5,2,1,0.8279,1.8076
12,0.0,2,0,0.974,1.7994
12,0.0,2,1,0.7833,1.8006
12,15.0,2,0,1.2262,0.6618
12,1.5,2,1,0.9666,1.8032
12,0.0,4,1,0.8076,1.8038
12,1.5,2,0,0.8798,1.8043
12,5.0,8,1,0.7459,1.8057
12,5.0,8,1,0.7638,1.8026
12,0.0,8,1,1.0735,1.8004
12,1.5,2,0,0.9109,1.8083
12,1.5,2,0,1.0986,1.8031
12,5.0,8,1,0.7019,1.8059
12,5.0,2,0,0.9815,1.8023
12,15.0,4,0,1.141,0.6595
12,15.0,4,1,1.4231,0.6614
12,1.5,8,1,1.1243,1.8078
12,1.5,4,1,0.6705,1.8023
12,15.0,8,1,1.4433,0.655
12,5.0,2,1,0.8546,1.8038
12,0.0,8,1,0.7453,1.8037
12,5.0,8,0,0.7961,1.8066
12,0.0,4,1,0.7954,1.8055
12,0.0,8,1,0.8015,1.8117
12,15.0,4,1,0.8621,0.6668
12,1.5,8,1,0.897,1.8074
12,15.0,8,0,1.4005,0.6677
12,0.0,2,1,0.9959,1.8039
12,15.0,8,1,1.1289,0.6555
12,1.5,4,0,0.8417,1.8018
12,1.5,4,1,0.6714,1.7965
12,1.5,2,1,0.9947,1.8005
12,0.0,4,1,0.8755,1.8039
12,0.0,2,1,0.5717,1.8034
12,5.0,8,1,0.812,1.8049
12,5.0,2,0,0.4474,1.8098
12,0.0,8,1,0.7894,1.802
12,1.5,2,0,0.8875,1.8081
12,0.0,2,0,1.0719,1.8
12,1.5,2,0,1.0493,1.8057
12,0.0,8,1,1.0567,1.8053
12,15.0,2,1,1.4367,0.6527
12,0.0,2,1,0.9272,1.8012
12,15.0,2,0,1.3712,0.6554
12,5.0,4,1,0.4959,1.804
12,0.0,2,0,0.8049,1.806
12,0.0,4,1,0.8456,1.8052
12,1.5,8,1,0.6112,1.8085
12,1.5,8,1,0.5019,1.8001
12,0.0,8,1,0.8603,1.8061
12,1.5,2,0,0.9908,1.8042
12,5.0,2,0,0.7947,1.799
12,5.0,2,1,0.8229,1.8016
12,15.0,8,1,1.6061,0.6583
12,1.5,4,1,1.0753,1.8037
12,1.5,8,1,1.1203,1.8051
12,5.0,4,1,0.8138,1.7987
12,0.0,2,1,0.6168,1.8069
12,1.5,4,0,0.893,1.8072
12,5.0,8,1,0.9667,1.8029
12,15.0,8,1,1.079,0.6743
12,0.0,8,1,1.0198,1.7992
12,5.0,2,1,0.8516,1.8092
12,15.0,4,1,0.7546,0.6669
12,5.0,4,1,0.6632,1.8051
12,5.0,8,0,0.7254,1.8061
12,15.0,2,1,1.0788,0.6638
12,1.5,2,0,0.9617,1.8011
12,0.0,2,0,0.768,1.7991
12,15.0,4,0,1.2954,0.6689
12,1.5,2,0,0.7119,1.801
12,0.0,4,1,1.0255,1.8032
12,5.0,8,1,0.8517,1.7981
12,5.0,2,1,0.6182,1.805
12,15.0,2,1,1.0737,0.6657
12,1.5,2,1,0.8628,1.8026
12,5.0,2,1,0.7416,1.8026
12,5.0,4,1,0.7465,1.8044
12,5.0,8,1,0.6169,1.8028
12,5.0,8,1,0.6736,1.8008
12,1.5,8,1,0.8363,1.8052
12,0.0,4,1,0.8825,1.8049
12,1.5,4,0,0.8794,1.8059
12,0.0,4,1,0.8943,1.802
12,5.0,2,0,0.8094,1.8065
12,0.0,2,1,0.6964,1.8019
12,1.5,2,0,0.6715,1.8024
12,0.0,8,1,0.8458,1.8081
12,0.0,4,1,0.9133,1.8006
12,0.0,8,1,0.9131,1.8046
12,15.0,2,0,1.3154,0.6615
12,1.5,8,1,0.76,1.806
12,15.0,4,1,1.5844,0.6592
12,1.5,4,1,0.7327,1.8037
12,5.0,2,1,0.7397,1.8007
12,5.0,2,1,3.014,1.8053
12,5.0,2,1,0.7013,1.8122
13,5.0,8,1,0.7604,1.801
13,0.0,8,1,1.087,1.8072
13,0.0,4,1,0.8423,1.8051
13,15.0,4,1,0.8554,0.6637
13,0.0,8,1,0.7723,1.8036
13,0.0,2,0,1.1223,1.8061
13,5.0,8,1,0.6578,1.8013
13,15.0,8,1,1.4894,0.672
13,1.5,4,1,0.9287,1.8089
13,0.0,4,1,0.79,1.8055
13,5.0,2,1,0.7234,1.802
13,1.5,8,1,0.9138,1.802
13,0.0,2,1,0.6632,1.8028
13,0.0,8,1,0.8438,1.8073
13,1.5,8,1,1.0482,1.8054
13,15.0,8,0,1.1737,0.6563
13,5.0,2,0,0.8424,1.8011
13,1.5,4,1,1.0682,1.8022
13,15.0,2,1,0.9397,0.6527
13,15.0,8,1,1.1156,0.6613
13,5.0,2,1,0.6692,1.8055
13,0.0,4,1,0.7242,1.8024
13,1.5,8,1,0.8482,1.8034
13,5.0,2,0,0.6844,1.8057
13,5.0,4,1,0.73,1.8005
13,5.0,8,1,0.6175,1.805
13,5.0,4,1,0.7541,1.8014
13,5.0,4,0,0.99,1.8008
13,5.0,4,1,0.784,1.8037
13,5.0,2,1,0.7172,1.8027
13,15.0,8,0,1.2935,0.6577
13,15.0,4,1,0.7497,0.6572
13,1.5,8,1,0.8945,1.8006
13,5.0,2,1,0.7866,1.8048
13,5.0,2,1,0.4233,1.8006
13,0.0,4,1,0.83,1.8046
13,0.0,4,1,1.0333,1.8006
13,0.0,4,1,0.5392,1.8034
13,1.5,4,1,1.0228,1.8022
13,1.5,2,1,0.7456,1.8047
13,0.0,2,1,0.8988,1.8047
13,1.5,8,1,0.6953,1.8038
13,0.0,2,1,0.8715,1.8048
13,15.0,2,0,1.3075,0.6622
13,0.0,2,1,0.9672,1.8065
13,5.0,8,1,0.7531,1.8061
13,5.0,8,1,0.7198,1.8075
13,15.0,2,0,1.1471,0.661
13,0.0,4,1,0.9496,1.8025
13,1.5,8,1,0.8692,1.8033
13,1.5,4,1,0.9062,1.8056
13,5.0,8,1,0.7495,1.804
13,5.0,4,1,0.7771,1.8074
13,1.5,8,1,0.9676,1.8046
13,0.0,4,1,1.0037,1.8075
13,15.0,2,1,1.1706,0.6606
13,0.0,8,1,0.6459,1.8053
13,5.0,4,0,0.785,1.8046
13,15.0,4,1,0.9779,0.6517
13,1.5,2,0,0.8027,1.8047
13,5.0,4,0,0.6263,1.8025
13,5.0,4,0,0.5992,1.8028
13,1.5,2,0,0.909,1.8044
13,5.0,4,1,0.6497,1.8032
13,0.0,8,1,0.887,1.8056
13,5.0,8,1,0.5703,1.8
13,15.0,2,0,0.9979,0.6649
13,1.5,2,1,0.6441,1.8053
13,0.0,4,1,0.7258,1.8061
13,1.5,2,1,3.936,1.802
13,0.0,2,1,0.8199,1.8025
13,1.5,4,1,0.8411,1.7986
13,15.0,4,1,1.0298,0.6613
13,5.0,8,1,0.5481,1.8026
13,1.5,8,1,0.9722,1.801
13,15.0,8,0,0.9591,0.6645
13,15.0,8,1,1.0621,0.6649
13,1.5,2,0,0.7084,1.8087
13,5.0,8,1,0.8119,1.8027
13,15.0,8,1,1.7334,0.6644
13,15.0,2,0,1.3504,0.664
13,15.0,8,0,1.0657,0.6672
13,15.0,4,1,1.503,0.658
13,1.5,2,1,0.5637,1.8065
13,15.0,4,1,1.2411,0.6581
13,0.0,4,1,0.8733,1.8007
13,15.0,2,1,1.0327,0.6582
13,15.0,4,0,1.0227,0.6664
13,1.5,2,0,1.2294,1.8009
13,0.0,8,1,0.8266,1.8058
13,5.0,4,1,0.8139,1.7966
13,5.0,8,1,0.5816,1.7983
13,0.0,2,1,0.598,1.7994
13,0.0,8,1,0.689,1.8028
13,15.0,2,0,1.1977,0.6556
13,15.0,4,1,1.2981,0.663
13,0.0,2,1,0.9047,1.8068
13,15.0,8,1,0.9656,0.6625
13,1.5,8,1,0.9185,1.8033
13,1.5,2,0,0.8912,1.8041
13,15.0,2,1,1.2028,0.6556
13,1.5,8,1,0.8785,1.8045
13,15.0,2,1,1.1698,0.6594
13,15.0,8,1,0.7645,0.6601
13,1.5,4,1,1.0254,1.8047
13,1.5,2,1,0.9982,1.8049
13,5.0,8,1,0.7262,1.8077
13,1.5,4,1,0.9166,1.8015
13,15.0,2,1,1.3236,0.6587
13,5.0,8,0,0.7566,1.7967
13,0.0,2,1,0.5509,1.8057
13,15.0,8,1,0.8117,0.6586
13,5.0,8,1,0.6674,1.8029
13,15.0,8,1,0.7496,0.6562
13,5.0,4,1,0.9246,1.8096
13,15.0,2,0,1.5603,0.6577
13,1.5,2,0,1.1105,1.8053
13,5.0,4,0,0.7787,1.8081
13,1.5,4,0,0.7521,1.8004
13,15.0,2,1,1.098,0.6576
13,0.0,8,1,0.8344,1.8027
13,0.0,4,1,0.6117,1.8052
13,0.0,8,1,0.8095,1.8073
13,5.0,8,1,0.6342,1.8108
13,0.0,4,1,1.0641,1.8051
13,15.0,4,1,0.9353,0.6552
13,1.5,2,1,1.0033,1.8033
13,1.5,8,1,0.9538,1.8009
13,15.0,8,0,1.4526,0.6659
13,0.0,8,1,0.8175,1.8059
13,1.5,8,1,1.0199,1.8076
13,15.0,4,1,0.9015,0.665
13,0.0,8,1,1.0571,1.8006
13,1.5,8,1,0.856,1.8052
13,5.0,2,0,0.5549,1.7977
13,15.0,4,1,1.2037,0.6602
13,5.0,8,1,0.7278,1.8021
13,1.5,2,0,0.8051,1.801
13,0.0,4,1,1.1958,1.801
13,0.0,8,0,0.476,1.8097
13,15.0,2,0,1.2191,0.6617
13,0.0,2,1,0.7424,1.8031
13,1.5,8,1,0.9393,1.8077
13,1.5,2,1,0.9588,1.8009
13,5.0,2,1,0.7607,1.8024
13,1.5,4,1,1.0507,1.798
13,5.0,2,0,0.5931,1.8105
13,5.0,8,1,0.7902,1.8079
13,15.0,4,1,1.0435,0.657
13,0.0,2,1,0.5839,1.7949
13,5.0,2,1,0.7987,1.7966
13,15.0,4,1,1.0692,0.6597
13,1.5,2,1,0.5485,1.8022
13,0.0,4,1,1.1461,1.8029
13,5.0,2,0,0.7371,1.8101
13,5.0,4,1,0.5797,1.8047
13,1.5,2,1,1.0086,1.8067
13,15.0,4,1,1.4297,0.6594
13,0.0,8,1,0.6658,1.8005
13,0.0,4,1,0.8236,1.7994
13,1.5,4,1,1.0522,1.8015
13,15.0,4,1,1.1748,0.6632
13,15.0,4,0,1.4859,0.6629
13,15.0,8,1,1.1373,0.6616
13,15.0,8,1,1.1079,0.663
13,0.0,4,1,0.8505,1.8033
13,0.0,8,1,0.7923,1.8087
13,1.5,4,1,0.9906,1.8023
13,1.5,4,1,0.9906,1.8058
13,0.0,2,1,0.9109,1.8053
13,1.5,8,1,1.0235,1.8068
13,0.0,4,1,0.764,1.8067
13,0.0,8,1,0.8136,1.8025
13,5.0,4,0,0.6805,1.8108
13,1.5,8,1,0.7993,1.8007
13,0.0,2,1,0.8056,1.8063
13,15.0,4,1,1.1745,0.6573
13,1.5,8,1,0.8339,1.8007
13,5.0,8,1,0.7682,1.8056
13,0.0,2,0,1.0881,1.8066
13,15.0,4,1,3.761,0.6557
13,0.0,8,1,0.9845,1.8029
13,0.0,4,1,0.7679,1.8002
13,1.5,4,1,0.9462,1.8065
13,1.5,8,1,0.8191,1.8018
13,1.5,4,1,1.1188,1.8065
13,1.5,2,1,0.8149,1.8094
13,5.0,2,1,0.8399,1.8054
13,5.0,2,1,0.6919,1.7991
13,1.5,4,1,0.7942,1.8017
13,1.5,4,1,0.9752,1.8093
13,0.0,2,0,0.6802,1.8065
13,1.5,8,1,0.9717,1.7997
13,5.0,2,1,0.6323,1.8041
13,15.0,2,1,1.1581,0.6665
13,5.0,2,0,0.5842,1.8005
13,0.0,2,1,0.9476,1.8086
13,1.5,8,1,0.6035,1.8025
13,1.5,2,1,0.6422,1.8071
13,0.0,2,1,0.9053,1.8076
13,5.0,2,1,0.7594,1.806
13,15.0,4,0,0.8872,0.6678
13,0.0,8,0,0.9733,1.8042
13,15.0,2,0,1.2581,0.6717
13,15.0,8,0,1.1506,0.6629
13,5.0,8,1,0.8258,1.803
13,1.5,2,0,0.7665,1.8011
13,0.0,8,1,0.9991,1.8041
13,5.0,4,0,0.8272,1.8074
13,5.0,4,1,0.868,1.8033
13,1.5,4,1,0.842,1.8083
13,5.0,8,1,0.5971,1.802
13,0.0,4,1,0.6972,1.8016
13,5.0,8,1,0.6316,1.8013
13,0.0,2,1,0.7756,1.7991
13,0.0,4,0,0.6866,1.8073
13,15.0,2,0,1.5315,0.6571
13,15.0,8,1,1.5123,0.6649
13,1.5,4,1,0.7593,1.8086
13,0.0,8,1,0.7997,1.8094
13,5.0,2,1,0.829,1.8115
13,1.5,4,1,1.1231,1.801
13,5.0,4,1,0.8991,1.8069
13,5.0,4,1,0.6183,1.8021
13,5.0,2,1,0.6165,1.8071
13,0.0,8,1,0.9354,1.8014
13,15.0,2,0,1.0987,0.6679
13,15.0,2,0,1.3027,0.664
13,1.5,2,1,1.0032,1.8056
13,15.0,8,1,1.1241,0.6592
13,0.0,2,1,0.8806,1.7966
13,5.0,4,0,0.6707,1.8034
13,15.0,8,1,1.0655,0.6671
13,15.0,4,0,1.5621,0.6574
13,15.0,8,0,1.321,0.662
13,5.0,2,1,0.7696,1.8014
13,0.0,2,1,0.654,1.8046
13,15.0,2,1,4.023,0.6537
13,1.5,4,1,0.636,1.8059
13,5.0,4,1,0.5967,1.8008
14,0.0,4,1,0.8636,1.8063
14,5.0,8,1,0.8393,1.8052
14,15.0,8,1,0.9057,0.6606
14,1.5,4,0,0.8854,1.8015
14,0.0,4,0,0.8135,1.8017
14,0.0,2,1,0.6567,1.8025
14,15.0,4,0,1.0851,0.6671
14,0.0,8,1,0.6385,1.8085
14,0.0,8,1,0.7931,1.8027
14,5.0,8,1,0.7067,1.804
14,5.0,8,1,0.5557,1.8051
14,5.0,8,1,0.5985,1.8078
14,15.0,2,0,1.2948,0.6591
14,5.0,2,1,0.5806,1.8019
14,0.0,2,0,0.8929,1.8034
14,1.5,4,0,1.0834,1.8049
14,0.0,4,1,0.8523,1.8047
14,5.0,2,0,0.8952,1.8061
14,1.5,8,1,1.0974,1.8059
14,5.0,2,0,0.6865,1.7965
14,15.0,4,1,1.3726,0.6628
14,5.0,4,1,0.6697,1.8018
14,5.0,4,1,0.7013,1.8056
14,1.5,2,0,1.1991,1.8046
14,15.0,2,1,1.3942,0.6707
14,5.0,8,1,0.7284,1.8014
14,5.0,4,1,0.6952,1.8047
14,1.5,2,1,1.0192,1.81
14,15.0,2,1,1.4615,0.6568
14,1.5,8,1,0.8947,1.8024
14,15.0,4,0,0.9472,0.6561
14,0.0,8,1,1.1723,1.8031
14,15.0,4,1,0.7596,0.6568
14,5.0,8,1,0.7093,1.8005
14,0.0,2,1,1.0183,1.805
14,5.0,4,1,0.7938,1.8047
14,0.0,2,0,3.182,1.8057
14,15.0,4,1,1.1857,0.6523
14,5.0,4,0,0.9498,1.8035
14,0.0,4,1,0.8002,1.7994
14,15.0,8,1,1.1432,0.6634
14,0.0,4,1,0.7318,1.8047
14,1.5,2,1,0.985,1.8031
14,5.0,2,1,0.8632,1.7975
14,0.0,4,1,0.9874,1.8115
14,0.0,4,1,0.6284,1.8057
14,0.0,4,1,0.7715,1.8018
14,1.5,4,0,0.7107,1.8068
14,5.0,2,0,0.8731,1.8033
14,15.0,2,0,1.2815,0.6636
14,0.0,8,1,0.7386,1.8023
14,0.0,4,1,0.7956,1.7994
14,5.0,2,0,0.7769,1.8039
14,0.0,4,1,0.7472,1.8094
14,1.5,2,1,0.9931,1.7997
14,15.0,8,1,1.3491,0.6616
14,15.0,8,1,1.2572,0.6658
14,5.0,8,1,0.6609,1.8068
14,5.0,2,0,0.6269,1.8025
14,1.5,8,1,0.9851,1.806
14,0.0,8,1,0.8993,1.8081
14,5.0,4,1,0.8416,1.8068
14,0.0,2,1,0.6768,1.8034
14,0.0,2,1,0.8106,1.8076
14,1.5,8,1,0.8592,1.8011
14,15.0,4,1,0.9555,0.6677
14,5.0,4,1,0.8328,1.8034
14,1.5,2,0,0.852,1.8088
14,15.0,8,0,1.1068,0.6677
14,15.0,4,0,1.094,0.6597
14,15.0,2,1,0.9797,0.6668
14,15.0,4,0,0.9417,0.6602
14,0.0,4,1,0.6079,1.8113
14,1.5,8,1,0.89,1.8038
14,1.5,2,0,1.0586,1.8038
14,5.0,2,0,0.8476,1.8095
14,1.5,4,1,0.9421,1.8048
14,1.5,8,1,0.7933,1.8058
14,15.0,4,1,1.2106,0.6602
14,1.5,4,1,0.8108,1.8047
14,0.0,2,1,0.7781,1.8046
14,15.0,8,0,1.1311,0.6629
14,5.0,2,0,0.7628,1.8091
14,15.0,8,1,1.0394,0.6591
14,1.5,4,1,0.8689,1.8019
14,1.5,8,1,0.7392,1.8065
14,1.5,4,1,1.0081,1.8024
14,5.0,4,0,0.6086,1.8053
14,5.0,4,0,0.7845,1.8045
14,0.0,8,1,0.6448,1.8025
14,0.0,2,1,0.5174,1.8078
14,0.0,2,1,0.7945,1.8016
14,0.0,4,1,0.8231,1.8063
14,5.0,4,1,0.5398,1.8074
14,5.0,8,1,0.6261,1.8023
14,15.0,4,1,1.5055,0.6562
14,5.0,8,1,0.11,1.8033
14,5.0,2,1,0.7619,1.8009
14,0.0,2,0,0.6672,1.8079
14,0.0,8,1,0.9005,1.8036
14,15.0,4,1,1.3032,0.6612
14,0.0,8,1,0.5615,1.8058
14,1.5,2,1,0.8129,1.804
14,1.5,8,1,0.7984,1.8029
14,15.0,2,0,1.2475,0.6705
14,0.0,4,1,0.7224,1.8084
14,5.0,4,1,0.5902,1.8079
14,1.5,8,1,0.7693,1.8039
14,1.5,8,1,0.8316,1.8054
14,5.0,8,1,0.7624,1.8034
14,1.5,4,0,3.56,1.8029
14,0.0,4,1,0.7707,1.8029
14,1.5,2,0,0.776,1.8028
14,15.0,2,1,1.2225,0.6678
14,15.0,4,0,1.4441,0.6689
14,1.5,4,0,0.9887,1.8029
14,15.0,4,1,1.0753,0.6524
14,5.0,2,1,0.8206,1.8059
14,15.0,2,1,0.7957,0.6637
14,0.0,8,1,0.9419,1.8003
14,15.0,2,1,1.2857,0.6526
14,1.5,8,1,1.1129,1.7982
14,0.0,4,0,0.7191,1.8012
14,15.0,4,1,1.094,0.6658
14,0.0,8,1,0.7159,1.8075
14,1.5,8,1,0.7542,1.8013
14,15.0,2,0,1.3589,0.6589
14,1.5,2,1,0.8283,1.8049
14,5.0,2,1,0.8268,1.8018
14,15.0,4,0,0.9225,0.6585
14,5.0,2,1,0.7188,1.7986
14,5.0,8,0,0.6318,1.8021
14,0.0,2,1,0.9784,1.8045
14,15.0,4,0,1.2185,0.6544
14,15.0,4,1,1.071,0.6686
14,1.5,4,1,0.8009,1.8053
14,15.0,2,1,1.0295,0.6593
14,0.0,4,1,4.462,1.8005
14,15.0,8,0,1.4095,0.6616
14,5.0,8,1,1.0105,1.8034
14,15.0,2,1,3.413,0.6681
14,15.0,8,1,1.3709,0.6614
14,1.5,2,1,1.1302,1.7978
14,0.0,4,1,0.9924,1.7989
14,0.0,8,1,0.8411,1.8041
14,0.0,2,0,0.7799,1.8049
14,15.0,8,0,1.093,0.6668
14,15.0,2,0,0.5606,0.67
14,0.0,8,1,0.8607,1.8031
14,5.0,4,1,0.6786,1.8027
14,15.0,8,1,1.2494,0.6645
14,5.0,8,1,0.7501,1.8034
14,0.0,2,0,0.8384,1.805
14,1.5,8,1,0.8981,1.803
14,5.0,8,1,0.7922,1.8015
14,0.0,4,1,1.0154,1.8045
14,1.5,2,0,0.8612,1.8025
14,0.0,2,0,0.6513,1.8052
14,5.0,2,1,0.8292,1.8008
14,5.0,2,0,0.7157,1.8052
14,5.0,2,0,0.6216,1.8032
14,1.5,8,1,0.8277,1.8047
14,1.5,4,1,0.9322,1.807
14,15.0,2,1,1.0424,0.6611
14,1.5,8,1,0.891,1.7991
14,5.0,4,0,0.694,1.8018
14,5.0,4,0,0.7786,1.8008
14,5.0,2,1,0.4579,1.8047
14,15.0,8,1,1.3066,0.6666
14,5.0,8,1,0.7068,1.8045
14,5.0,4,1,0.8342,1.8044
14,5.0,8,1,0.5668,1.8019
14,5.0,2,0,0.7249,1.8092
14,15.0,2,1,1.2381,0.6616
14,0.0,4,1,0.7809,1.8039
14,15.0,4,0,0.5304,0.6556
14,1.5,4,0,0.6855,1.8023
14,1.5,8,1,0.8876,1.7989
14,1.5,4,1,0.7743,1.805
14,0.0,2,0,1.0529,1.8031
14,1.5,4,1,0.7378,1.8037
14,0.0,2,1,0.9038,1.8018
14,15.0,2,0,0.9691,0.6671
14,0.0,8,1,0.7899,1.8041
14,1.5,2,1,1.2091,1.8081
14,15.0,4,1,1.5214,0.6688
14,5.0,4,0,0.5769,1.8043
14,0.0,8,1,1.0076,1.8041
14,15.0,8,1,1.0891,0.6651
14,1.5,2,0,0.6144,1.8026
14,15.0,8,1,0.9611,0.6653
14,0.0,2,1,0.5719,1.8037
14,5.0,2,0,3.662,1.8068
14,0.0,2,0,0.88,1.8051
14,0.0,2,1,0.8917,1.8054
14,1.5,4,1,1.0315,1.801
14,0.0,8,0,0.6283,1.8036
14,1.5,8,1,0.8888,1.805
14,15.0,8,1,1.0596,0.6697
14,1.5,4,1,0.8624,1.8016
14,0.0,8,1,0.9623,1.8019
14,0.0,8,1,1.0049,1.7993
14,0.0,8,1,0.5991,1.7997
14,5.0,8,1,0.7108,1.8053
14,1.5,2,0,1.0882,1.8078
14,1.5,2,0,0.92,1.8099
14,1.5,2,0,0.7492,1.8107
14,1.5,2,0,0.713,1.7991
14,1.5,8,1,0.8955,1.8056
14,5.0,4,0,0.8807,1.8051
14,15.0,8,1,1.2426,0.6595
14,5.0,4,0,0.734,1.8017
14,1.5,4,1,0.8904,1.8028
14,5.0,8,1,0.8531,1.8035
14,5.0,8,1,0.6753,1.8079
14,15.0,2,0,1.258,0.6599
14,5.0,4,1,0.7016,1.8085
14,1.5,4,1,1.0039,1.8012
14,15.0,2,1,1.2673,0.6623
14,5.0,2,1,0.785,1.8047
14,1.5,2,0,1.1243,1.8063
14,5.0,4,1,0.7074,1.8024
14,15.0,8,0,1.1012,0.6645
14,1.5,2,0,0.5923,1.8068
14,15.0,8,1,3.244,0.6695
14,1.5,4,1,0.9403,1.8014
14,15.0,8,1,1.1347,0.6537
14,1.5,4,1,1.0996,1.8029
14,5.0,8,0,0.6689,1.8049
14,15.0,8,0,0.164,0.6607
14,0.0,2,1,0.7717,1.8054
14,0.0,4,1,0.9077,1.7987
14,1.5,8,1,0.9496,1.8004
14,15.0,2,1,1.0098,0.6669
14,15.0,4,1,1.3426,0.6641
14,0.0,8,1,0.7225,1.8019
14,15.0,2,1,0.8886,0.6629
14,0.0,8,1,0.9808,1.8033
14,1.5,2,1,0.6158,1.8035
14,1.5,8,1,1.0256,1.8045
15,15.0,8,1,1.3232,0.6673
15,15.0,4,1,1.2838,0.6554
15,0.0,2,1,0.6369,1.805
15,15.0,2,1,1.0748,0.6633
15,0.0,8,1,0.8074,1.7978
15,1.5,4,1,1.194,1.803
15,15.0,8,0,1.2403,0.6561
15,0.0,4,1,4.152,1.8061
15,0.0,8,1,0.9359,1.8003
15,15.0,2,1,0.9614,0.6574
15,0.0,8,1,0.8864,1.8084
15,5.0,8,1,0.4607,1.8053
15,15.0,4,1,1.1575,0.663
15,0.0,4,1,0.8217,1.8078
15,0.0,4,1,0.9024,1.8025
15,0.0,2,0,0.9415,1.8028
15,1.5,4,0,1.0355,1.8078
15,5.0,2,1,0.8138,1.7967
15,15.0,2,0,1.0218,0.6703
15,5.0,8,0,0.7554,1.809
15,15.0,2,1,1.4605,0.6537
15,1.5,2,0,1.0645,1.8027
15,5.0,2,1,0.8052,1.8025
15,1.5,4,0,1.2156,1.8048
15,5.0,2,1,0.8482,1.8045
15,0.0,8,1,1.0447,1.8029
15,0.0,4,1,0.7634,1.7995
15,1.5,4,0,0.9184,1.8018
15,1.5,4,0,0.8725,1.806
15,5.0,8,1,0.4709,1.8069
15,1.5,8,1,0.8142,1.8093
15,15.0,2,1,0.161,0.653
15,5.0,2,1,0.8231,1.8024
15,15.0,4,1,1.1371,0.6689
15,15.0,4,0,0.875,0.6727
15,0.0,2,1,0.8887,1.8005
15,5.0,8,1,0.6506,1.7997
15,1.5,8,1,0.9035,1.8007
15,15.0,8,1,0.828,0.6683
15,1.5,2,1,0.9734,1.8068
15,0.0,2,0,0.8023,1.8041
15,1.5,2,1,0.9257,1.8006
15,1.5,8,1,0.9878,1.799
15,15.0,4,1,1.0106,0.6594
15,15.0,2,0,1.0278,0.6578
15,5.0,2,1,0.9127,1.8046
15,1.5,8,1,0.9755,1.7996
15,0.0,4,1,0.6844,1.799
15,1.5,4,0,1.2904,1.8054
15,1.5,4,0,0.8404,1.8039
15,5.0,2,1,0.7178,1.8034
15,0.0,2,1,0.7537,1.807
15,5.0,4,1,0.8368,1.8077
15,15.0,8,1,0.8914,0.6688
15,1.5,4,0,0.455,1.8013
15,1.5,2,1,0.9833,1.8072
15,15.0,8,0,1.3535,0.6597
15,0.0,4,1,0.8219,1.8078
15,0.0,8,1,0.8182,1.8057
15,15.0,8,0,1.0976,0.6503
15,0.0,8,1,0.9871,1.7996
15,15.0,2,0,0.099,0.6622
15,0.0,2,1,0.9286,1.8051
15,0.0,8,1,0.8801,1.8015
15,0.0,4,0,0.6783,1.8042
15,1.5,2,1,0.6397,1.8034
15,5.0,2,0,0.7612,1.8042
15,15.0,4,1,1.273,0.6684
15,0.0,8,1,0.8472,1.8065
15,5.0,4,1,0.9517,1.804
15,5.0,2,1,0.6296,1.7986
15,5.0,4,1,0.542,1.7976
15,1.5,4,1,0.9587,1.8035
15,1.5,8,1,0.6508,1.8086
15,1.5,4,1,1.1518,1.8038
15,0.0,2,0,0.8164,1.8056
15,0.0,4,1,1.1376,1.8065
15,1.5,8,1,1.1014,1.8051
15,1.5,4,0,1.1206,1.8113
15,0.0,2,1,0.8118,1.8066
15,5.0,8,1,0.7267,1.8006
15,15.0,2,1,1.3048,0.6662
15,15.0,8,1,0.8368,0.6749
15,0.0,2,1,0.7425,1.8026
15,15.0,8,0,0.9245,0.6742
15,0.0,2,1,1.0795,1.8089
15,15.0,2,0,1.4964,0.6536
15,0.0,8,1,0.9287,1.8048
15,15.0,2,1,1.0725,0.6608
15,15.0,2,1,1.1138,0.6584
15,0.0,8,1,1.1945,1.8073
15,5.0,2,0,0.5918,1.8056
15,0.0,2,1,0.8165,1.8058
15,1.5,8,1,0.8056,1.8003
15,5.0,2,1,0.7662,1.8008
15,0.0,8,1,0.9094,1.809
15,1.5,8,1,1.069,1.8037
15,5.0,4,1,0.9088,1.8023
15,5.0,8,1,0.7625,1.8006
15,0.0,8,1,0.913,1.8047
15,5.0,2,0,0.628,1.8017
15,5.0,4,1,0.6396,1.7988
15,15.0,4,1,0.6395,0.6525
15,0.0,4,1,0.6709,1.8004
15,0.0,2,1,0.9357,1.8046
15,0.0,8,1,0.7973,1.805
15,15.0,2,0,1.2038,0.6569
15,5.0,4,1,0.8039,1.805
15,0.0,4,1,0.7611,1.8039
15,0.0,8,0,0.9004,1.8021
15,5.0,2,1,0.9334,1.8022
15,0.0,8,1,0.7368,1.8087
15,1.5,4,1,0.9339,1.8049
15,5.0,8,1,0.8389,1.8034
15,0.0,4,1,0.9396,1.8039
15,1.5,8,1,0.8238,1.8064
15,15.0,2,0,0.6876,0.659
15,15.0,8,0,1.4273,0.6678
15,0.0,4,1,0.8097,1.805
15,1.5,2,1,0.9019,1.8066
15,1.5,4,1,0.9553,1.8042
15,0.0,8,1,0.6408,1.807
15,15.0,8,0,1.3113,0.6588
15,15.0,4,1,1.4588,0.658
15,0.0,2,0,3.959,1.8032
15,1.5,2,1,0.8184,1.8008
15,5.0,2,0,0.6618,1.8043
15,5.0,4,1,0.9098,1.8021
15,0.0,4,1,0.7628,1.8014
15,15.0,2,0,1.1768,0.6589
15,5.0,8,1,0.6282,1.8007
15,1.5,8,1,1.0374,1.8065
15,5.0,4,1,0.6136,1.8047
15,1.5,4,0,0.5853,1.8085
15,15.0,4,0,0.86,0.661
15,15.0,8,1,0.9701,0.6591
15,1.5,8,1,0.8854,1.7989
15,15.0,8,0,1.0307,0.6646
15,5.0,4,1,0.8788,1.8066
15,0.0,4,1,0.8136,1.8044
15,0.0,2,1,0.795,1.8031
15,0.0,2,0,0.8585,1.8037
15,5.0,2,0,0.7363,1.8047
15,15.0,8,0,1.3559,0.6596
15,15.0,4,1,1.0746,0.6587
15,1.5,2,1,0.9499,1.7983
15,1.5,8,1,1.0774,1.8055
15,0.0,8,1,0.8781,1.8078
15,1.5,2,1,0.9847,1.8005
15,1.5,8,1,1.023,1.8091
15,5.0,8,1,0.8382,1.8023
15,1.5,4,0,0.8903,1.7996
15,5.0,4,1,0.766,1.803
15,1.5,2,1,1.0824,1.8018
15,1.5,4,1,1.0354,1.8074
15,15.0,2,0,1.1532,0.6593
15,15.0,4,1,1.1588,0.6546
15,5.0,4,1,1.0974,1.8044
15,5.0,8,1,3.793,1.8029
15,5.0,8,1,0.861,1.8042
15,1.5,2,0,0.9277,1.8033
15,5.0,4,0,0.8627,1.7988
15,0.0,8,1,0.6653,1.8047
15,1.5,8,1,0.6361,1.8055
15,5.0,4,1,0.8195,1.8054
15,15.0,4,1,1.2293,0.6635
15,0.0,4,1,0.6582,1.8003
15,0.0,4,1,0.6422,1.8058
15,5.0,8,1,0.8338,1.7972
15,1.5,8,1,4.252,1.8011
15,1.5,4,0,0.8622,1.8022
15,15.0,4,1,1.5106,0.6633
15,1.5,2,1,0.8234,1.8083
15,5.0,2,0,0.8983,1.8091
15,0.0,2,1,0.7713,1.8058
15,1.5,2,1,0.788,1.8028
15,1.5,4,1,0.7543,1.8012
15,0.0,4,1,1.161,1.8053
15,15.0,8,0,1.0764,0.66
15,5.0,8,1,0.7244,1.8046
15,5.0,2,1,0.7384,1.8034
15,1.5,8,1,1.1322,1.8021
15,5.0,2,0,0.5513,1.7993
15,5.0,2,1,0.7509,1.8049
15,0.0,2,1,0.8376,1.8046
15,15.0,2,0,1.1434,0.6597
15,15.0,2,1,1.2007,0.6554
15,0.0,2,1,0.8553,1.8035
15,15.0,8,1,1.1251,0.6616
15,15.0,4,0,1.3081,0.6637
15,0.0,2,1,0.808,1.8049
15,5.0,4,1,0.8275,1.8061
15,0.0,4,1,1.0822,1.8038
15,1.5,2,0,0.9036,1.8031
15,5.0,4,1,0.7499,1.8041
15,1.5,2,1,0.8115,1.8036
15,5.0,8,1,0.7648,1.8019
15,1.5,4,1,0.8059,1.7969
15,15.0,8,0,1.1304,0.666
15,1.5,2,0,0.837,1.8041
15,1.5,8,1,0.7998,1.8056
15,5.0,2,1,0.7228,1.8066
15,1.5,8,1,0.5908,1.8016
15,1.5,8,1,0.588,1.8048
15,1.5,2,0,0.9645,1.8055
15,15.0,8,1,1.1538,0.6594
15,5.0,8,1,0.7523,1.8073
15,15.0,8,0,0.9598,0.6616
15,15.0,8,1,1.29,0.6684
15,15.0,8,1,1.385,0.6526
15,5.0,2,1,0.8141,1.8003
15,15.0,4,1,0.7816,0.6624
15,0.0,8,0,1.1317,1.802
15,15.0,2,1,1.2765,0.6558
15,5.0,8,1,0.7387,1.8096
15,15.0,4,0,1.0628,0.6624
15,5.0,4,0,0.5639,1.8085
15,15.0,2,0,1.3789,0.6615
15,15.0,2,0,1.2519,0.6669
15,0.0,8,1,0.6848,1.8051
15,15.0,4,1,1.0931,0.6685
15,1.5,4,1,1.0173,1.8084
15,5.0,4,1,0.7083,1.8015
15,15.0,4,1,1.0579,0.6621
15,5.0,4,1,0.9505,1.8106
15,15.0,4,0,1.3279,0.6622
15,5.0,8,1,4.425,1.8038
15,1.5,8,1,1.1063,1.8043
15,5.0,4,1,0.5722,1.8054
15,1.5,2,0,0.9307,1.8032
15,5.0,8,1,0.7802,1.8038
15,5.0,8,0,0.7895,1.803
15,0.0,4,1,0.9054,1.7975
15,0.0,4,1,0.7803,1.8083
15,5.0,4,1,0.7392,1.8088
15,1.5,2,1,0.7322,1.8043
15,15.0,4,0,1.0206,0.6721
15,5.0,8,1,0.7134,1.801
15,1.5,2,0,0.8951,1.7966
15,0.0,2,0,0.6584,1.7997
